,OBJECTID_x,TRACT,TRACTCE10,GEOID10,NAME10,NAMELSAD10_x,ACRES_TOTAL,WATER,SHAPE_Length,SHAPE_Area,OBJECTID_y,NAMELSAD10_y,ACRES_LAND,ACRES_WATER,TOTAL_POPULATION,MEDIAN_AGE,NOT_HISPANIC_LATINO_WHITE_ONE,PCT_NOTHISP_WHITE_ONE,NOTHISPLATINO_BLKAFRCNAMER_ONE,PCT_NOTHISP_BLACK_ONE,NOTHISPLATINO_AMINDALSKNTV_ONE,PCT_NOTHISP_AMIAK_ONE,NOTHISPLATINO_ASIAN_ONE,PCT_NOTHISP_ASIAN_ONE,NOTHISPLATINO_NHAWAIIOTHPI_ONE,PCT_NOTHISP_PI_ONE,NOTHISPLATINO_SOME_OTHER_ONE,PCT_NOTHISP_OTHER_ONE,NOTHISPLATINO_TWO_OR_MORE_RACE,PCT_NOTHISP_TWO_ONE,HISPANIC_OR_LATINO_OF_ANY_RACE,PCT_HISP_ANY_RACE,POPULATION_IN_HOUSEHOLDS,PCT_POP_IN_HH,POPULATION_IN_GQ,PCT_POP_IN_GQ,HOUSEHOLDS,FAMILY_HOUSEHOLDS,PCT_FAM_HH,NONFAMILY_HOUSEHOLDS,PCT_NON_FAM_HH,AVERAGE_HOUSEHOLD_SIZE,TOTAL_HOUSING_UNITS,OCCUPIED_HOUSING_UNITS,PCT_OCC_HU,VACANT_HOUSING_UNITS,PCT_VACANT_HU,OWNER_OCCUPIED_HOUSING_UNITS,PCT_OWN_OCC_HU,RENTER_OCCUPIED_HOUSING_UNITS,PCT_RENT_OCC_HU,HIGH_SCHOOL_GRADUATE,BACHELOR_DEGREE,PCNT_HIGHSCHOOL_GRAD_OR_HIGHER,PCT_BACHELOR_DEGREE_OR_HIGHER,POPULATION_5_YEARS_AND_OVER,SPEAK_ENGLISH_LESSTHANVERYWELL,PCT_SP_ENG_LESS_THAN_VERYWELL,MEDIAN_HH_INC_PAST_12MO_DOLLAR,PCT_POPULATION_UNDER_POVERTY,PCT_ALL_FAMILY_UNDER_POVERTY,POP_POVERTY_STATUS_DETERMINED,POP_200_PCT_BELOW_POVERTY,PCT_POP_200_PCT_BELOW_POVERTY,PERSON_OF_COLOR,POPULATION_UNDER_18,SPEAK_LANGUAGE_OTHTHAN_ENGLISH,PCT_SPEAK_OTH_THAN_ENGLISH,PCT_POP_UNDER_18,PCT_PERSON_OF_COLOR,HU_VALUE_LESS_THAN_50_000,HU_VALUE_50_000_TO_99_999,HU_VALUE_100_000_TO_149_999,HU_VALUE_150_000_TO_199_999,HU_VALUE_200_000_TO_299_999,HU_VALUE_300_000_TO_499_999,HU_VALUE_500_000_TO_999_999,HU_VALUE_1_000_000_OR_MORE,HU_VALUE_MEDIAN_DOLLARS,WITH_MORTGAGE_SMOCAPI_COMPUTED,WITH_MORTGAGE_SMOCAPI_LESS_20,WITHMORTGAGESMOCAPI_20_TO_24_9,WITHMORTGAGESMOCAPI_25_TO_29_9,WITHMORTGAGESMOCAPI_30_TO_34_9,WITHMORTGAGESMOCAPI_35_OR_MORE,WITHMORTGAGESMOCAPINOTCOMPUTED,MEDIAN_GROSS_RENT,RENT_GRAPI_COMPUTED,GRAPI_LESS_THAN_15_0,GRAPI_15_0_TO_19_9,GRAPI_20_0_TO_24_9,GRAPI_25_0_TO_29_9,GRAPI_30_0_TO_34_9,GRAPI_35_0_OR_MORE,GRAPI_NOT_COMPUTED,CIVILIAN_LABOR_FORCE,CIVILIAN_LABOR_FORCE_EMPLOYED,CIVILIAN_LABOR_FORCE_UNEMPLOYD,NOT_IN_LABOR_FORCE,HH_INCOME_LESS_THAN_10_000,HH_INCOME_10_000_TO_14_999,HH_INCOME_15_000_TO_24_999,HH_INCOME_25_000_TO_34_999,HH_INCOME_35_000_TO_49_999,HH_INCOME_50_000_TO_74_999,HH_INCOME_75_000_TO_99_999,HH_INCOME_100_000_TO_149_999,HH_INCOME_150_000_TO_199_999,HH_INCOME_200_000_OR_MORE,PERCENT_UNEMPLOYED,POP_DENSITY_ACRE,HU_DENSITY_ACRE,HH_DENSITY_ACRE,SHAPEAREA,SHAPELEN,PERCENT_GRAPI_35_OR_MORE,PERC_SMOCAPI_W_MORT_35_OR_MORE,income_quintile
0,1,2500,2500,53033002500,25.0,Census Tract 25,243.21908274,0,16442.9684017039,10594623.244072,98,Census Tract 25,243.22005562,0.0,3316,39.5,2720,82.0,39,1.2,9,0.3,208,6.3,0,0.0,0,0.0,234,7.1,106,3.2,3316,100.0,0,0.0,1311,745,56.8,566,43.2,2.53,1333,1311,98.3,22,1.7,917,69.9,394,30.1,189,1042,99.2,74.4,3174,57,1.8,107401,8.3,2.1,3316,629,19.0,596,651,340,10.7,19.6,18.0,7,0,0,0,6,368,524,12,551900.0,627,271,91,72,58,135,7,1686.0,368,23,59,83,37,9,157,26,1902,1847,55,801,88,36,43,70,104,89,116,391,156,218,2.9,13.63,5.48,5.39,0,0,42.7,21.5,top
1,2,2600,2600,53033002600,26.0,Census Tract 26,307.58442044,0,15936.137058303899,13398377.3541715,32,Census Tract 26,300.62345667,6.96219411,5061,37.4,4093,80.9,58,1.1,0,0.0,394,7.8,0,0.0,24,0.5,252,5.0,240,4.7,5054,99.9,7,0.1,1935,1219,63.0,716,37.0,2.61,2103,1935,92.0,168,8.0,1337,69.1,598,30.9,223,1391,100.0,73.7,4686,86,1.8,106193,11.7,7.5,5061,881,17.4,968,1093,548,11.7,21.6,19.1,0,0,9,0,14,348,911,55,612000.0,1000,376,189,150,47,238,0,1654.0,566,48,65,39,79,107,228,32,2942,2811,131,1073,73,58,73,37,93,343,207,470,278,303,4.5,16.84,7.0,6.44,0,0,40.3,23.8,top
2,3,5600,5600,53033005600,56.0,Census Tract 56,737.51172746,0,30337.2943538308,32126010.8481221,55,Census Tract 56,737.5146926,392.22839442,6875,47.4,5780,84.1,17,0.2,0,0.0,332,4.8,70,1.0,28,0.4,370,5.4,278,4.0,6868,99.9,7,0.1,2678,2033,75.9,645,24.1,2.56,2782,2678,96.3,104,3.7,2510,93.7,168,6.3,209,2004,97.7,76.7,6548,164,2.5,167368,2.1,1.1,6875,307,4.5,1095,1562,705,10.8,22.7,15.9,0,22,0,0,66,279,1308,835,836400.0,1652,830,251,174,104,293,0,2509.0,168,49,18,20,13,19,49,0,3486,3318,168,1910,38,15,89,0,128,312,125,459,502,1010,4.8,9.32,3.77,3.63,0,0,29.2,17.7,top
3,4,6800,6800,53033006800,68.0,Census Tract 68,177.43877075,0,11275.3764903467,7729232.85385377,68,Census Tract 68,177.43948051,0.0,3308,37.4,2803,84.7,0,0.0,0,0.0,257,7.8,0,0.0,0,0.0,140,4.2,108,3.3,3308,100.0,0,0.0,1389,793,57.1,596,42.9,2.38,1522,1389,91.3,133,8.7,669,48.2,720,51.8,117,1154,99.7,81.8,3165,89,2.8,117067,6.3,3.5,3308,363,11.0,505,729,453,14.3,22.0,15.3,12,0,0,0,5,29,402,221,872200.0,521,256,83,29,32,121,0,1723.0,720,61,167,106,193,30,163,0,1960,1905,55,656,34,9,53,67,45,252,167,257,139,366,2.8,18.64,8.58,7.83,0,0,22.6,23.2,top
4,5,6000,6000,53033006000,60.0,Census Tract 60,324.56743167,0,19729.922874753,14138157.323433701,69,Census Tract 60,324.56871944,37.13474955,5785,34.5,4624,79.9,32,0.6,172,3.0,296,5.1,1,0.0,15,0.3,433,7.5,212,3.7,5608,96.9,177,3.1,2595,1178,45.4,1417,54.6,2.16,2814,2595,92.2,219,7.8,1337,51.5,1258,48.5,222,1588,98.4,72.2,5552,43,0.8,101680,8.0,0.0,5608,892,15.9,1161,697,521,9.4,12.0,20.1,25,0,0,64,76,164,570,438,776600.0,922,497,95,121,141,68,0,1562.0,1258,123,189,211,204,206,325,0,4157,4036,121,996,35,16,101,82,168,441,433,489,154,676,2.9,17.82,8.67,8.0,0,0,25.8,7.4,second
5,6,5900,5900,53033005900,59.0,Census Tract 59,447.91950792,0,24649.766670549197,19511373.7651016,62,Census Tract 59,447.92129825,42.9689076,7975,29.3,6299,79.0,185,2.3,18,0.2,660,8.3,0,0.0,60,0.8,498,6.2,255,3.2,6544,82.1,1431,17.9,2771,1491,53.8,1280,46.2,2.36,2905,2771,95.4,134,4.6,1723,62.2,1048,37.8,250,1995,100.0,78.0,7590,113,1.5,103369,12.4,4.0,6553,1115,17.0,1676,1032,671,8.8,12.9,21.0,40,0,0,23,75,153,1020,412,710100.0,1272,595,180,181,37,279,0,1545.0,1048,189,97,98,73,170,421,0,5093,4781,312,1879,125,14,168,73,252,404,306,333,324,772,6.1,17.8,6.49,6.19,0,0,40.2,21.9,second
6,8,5700,5700,53033005700,57.0,Census Tract 57,1229.15600248,0,44813.5428417101,53542035.4679839,56,Census Tract 57,1229.16081863,567.3139237,6816,41.4,5489,80.5,85,1.2,22,0.3,636,9.3,0,0.0,15,0.2,187,2.7,382,5.6,6816,100.0,0,0.0,2850,1871,65.6,979,34.4,2.39,3024,2850,94.2,174,5.8,2012,70.6,838,29.4,428,2122,99.3,67.7,6356,172,2.7,111974,4.1,1.7,6816,636,9.3,1327,1456,915,14.4,21.4,19.5,19,15,0,18,22,419,1284,235,646900.0,1606,775,202,198,116,315,0,1391.0,818,71,148,169,131,54,245,20,3976,3866,110,1541,15,36,134,56,265,396,294,533,533,588,2.8,5.55,2.46,2.32,0,0,30.0,19.6,top
7,9,4900,4900,53033004900,49.0,Census Tract 49,270.63279041,0,16136.344174432099,11788764.3502774,71,Census Tract 49,270.63387449,6.25794377,7429,30.6,6473,87.1,19,0.3,25,0.3,289,3.9,0,0.0,0,0.0,396,5.3,227,3.1,7323,98.6,106,1.4,3754,1038,27.7,2716,72.3,1.95,3859,3754,97.3,105,2.7,809,21.6,2945,78.4,337,2874,97.9,75.0,7164,69,1.0,77075,5.1,1.6,7325,1360,18.6,956,465,716,10.0,6.3,12.9,16,0,0,0,54,248,473,18,559400.0,585,322,105,54,52,52,0,1429.0,2914,474,596,388,441,338,677,31,6123,5922,201,856,101,33,25,242,637,751,542,681,309,433,3.3,27.45,14.26,13.87,0,0,23.2,8.9,middle
8,10,5801,5801,53033005801,58.01,Census Tract 58.01,449.98414502,0,26367.9369935514,19601309.357184302,58,Census Tract 58.01,449.98593883,74.56256608,5344,36.2,4041,75.6,348,6.5,20,0.4,222,4.2,0,0.0,0,0.0,252,4.7,461,8.6,5307,99.3,37,0.7,2758,1004,36.4,1754,63.6,1.92,2923,2758,94.4,165,5.6,1033,37.5,1725,62.5,462,1602,96.6,55.5,5122,219,4.3,75523,7.5,3.8,5302,912,17.2,1303,774,763,14.9,14.5,24.4,0,23,115,50,139,152,516,38,527900.0,893,321,173,96,69,234,0,1455.0,1673,90,257,259,427,165,475,52,3908,3780,128,757,31,20,214,203,315,559,504,507,204,201,3.3,11.88,6.5,6.13,0,0,28.4,26.2,middle
9,11,4800,4800,53033004800,48.0,Census Tract 48,330.28224693,0,18725.1423901596,14387094.6762871,65,Census Tract 48,330.28357329,10.26846411,5136,34.6,4300,83.7,38,0.7,16,0.3,329,6.4,0,0.0,15,0.3,317,6.2,121,2.4,5136,100.0,0,0.0,2202,1108,50.3,1094,49.7,2.33,2414,2202,91.2,212,8.8,1323,60.1,879,39.9,239,1794,99.3,75.8,4957,61,1.2,112328,3.6,0.0,5136,596,11.6,836,735,669,13.5,14.3,16.3,0,0,15,15,37,363,829,64,612800.0,993,407,186,68,80,252,0,1734.0,869,134,304,184,73,54,120,10,3690,3537,153,743,16,12,68,140,167,286,175,640,257,441,4.1,15.55,7.31,6.67,0,0,13.8,25.4,top
10,12,4700,4700,53033004700,47.0,Census Tract 47,490.84574314,0,22313.9948711802,21381240.5710746,60,Census Tract 47,490.84921481,87.24994477,8649,34.3,6745,78.0,158,1.8,0,0.0,836,9.7,0,0.0,0,0.0,591,6.8,319,3.7,8611,99.6,38,0.4,5328,1417,26.6,3911,73.4,1.62,5580,5328,95.5,252,4.5,1456,27.3,3872,72.7,619,3905,97.5,72.6,8362,260,3.1,79162,7.0,0.0,8649,1342,15.5,1904,671,1175,14.1,7.8,22.0,0,36,0,0,89,485,785,61,543200.0,1198,685,144,246,61,62,0,1542.0,3689,495,539,384,635,427,1209,183,6313,5989,324,1736,298,160,356,321,451,882,1048,847,256,709,5.1,17.62,11.37,10.85,0,0,32.8,5.2,middle
11,14,3200,3200,53033003200,32.0,Census Tract 32,510.29345855,0,33766.8661128842,22228383.0545001,57,Census Tract 32,510.28904626,250.74722011,8504,37.3,7027,82.6,54,0.6,33,0.4,323,3.8,0,0.0,0,0.0,297,3.5,770,9.1,8504,100.0,0,0.0,4251,1907,44.9,2344,55.1,2.0,4413,4251,96.3,162,3.7,2105,49.5,2146,50.5,450,3000,99.2,72.0,8073,148,1.8,79141,9.6,9.2,8504,1322,15.5,1477,1245,651,8.1,14.6,17.4,14,0,0,0,66,509,1275,241,660500.0,1506,604,317,55,91,439,0,1300.0,2129,114,476,499,182,168,690,17,5648,5422,226,1731,201,146,148,231,567,689,643,737,419,470,4.0,16.67,8.65,8.33,0,0,32.4,29.2,middle
12,15,3500,3500,53033003500,35.0,Census Tract 35,317.45244839,0,16634.3481234398,13828228.6518199,70,Census Tract 35,317.4537182,0.0,4051,39.7,3414,84.3,39,1.0,1,0.0,299,7.4,11,0.3,0,0.0,183,4.5,104,2.6,3988,98.4,63,1.6,1881,946,50.3,935,49.7,2.12,1943,1881,96.8,62,3.2,1052,55.9,829,44.1,163,1264,99.0,79.6,3882,97,2.5,90066,8.8,4.7,4007,534,13.3,637,651,320,8.2,16.1,15.7,0,7,11,8,17,143,706,160,754000.0,748,329,107,88,70,154,0,1383.0,819,76,150,137,143,83,230,10,2537,2483,54,921,97,38,35,117,192,296,215,336,223,332,2.1,12.76,6.12,5.93,0,0,28.1,20.6,middle
13,16,3400,3400,53033003400,34.0,Census Tract 34,194.49775167,0,12629.3222581997,8472322.06274561,66,Census Tract 34,194.49852966,0.0,3661,36.5,3102,84.7,50,1.4,17,0.5,232,6.3,0,0.0,23,0.6,155,4.2,82,2.2,3661,100.0,0,0.0,1550,1035,66.8,515,33.2,2.36,1609,1550,96.3,59,3.7,931,60.1,619,39.9,99,1072,98.8,75.0,3457,25,0.7,102105,5.6,2.9,3661,368,10.1,559,699,197,5.7,19.1,15.3,28,8,0,0,8,221,634,32,628200.0,709,295,136,92,38,148,11,1379.0,619,87,133,78,61,86,174,0,2457,2385,72,582,11,41,44,61,139,331,116,370,189,248,2.9,18.82,8.27,7.97,0,0,28.1,20.9,second
14,17,3300,3300,53033003300,33.0,Census Tract 33,320.32049519,0,16129.6803472402,13953160.770264499,61,Census Tract 33,320.32177647,0.0,6987,34.6,5738,82.1,143,2.0,0,0.0,416,6.0,0,0.0,0,0.0,361,5.2,329,4.7,6982,99.9,5,0.1,3301,1477,44.7,1824,55.3,2.12,3479,3301,94.9,178,5.1,1657,50.2,1644,49.8,349,2511,98.1,73.1,6462,70,1.1,99547,4.0,1.3,6959,855,12.3,1249,1113,644,10.0,15.9,17.9,34,0,0,0,76,418,1095,34,607000.0,1304,655,249,49,94,257,0,1464.0,1644,149,306,450,325,62,352,0,4961,4736,225,977,24,115,182,196,168,522,454,676,377,587,4.5,21.81,10.86,10.31,0,0,21.4,19.7,second
15,18,2800,2800,53033002800,28.0,Census Tract 28,242.98539587,0,13187.7124890148,10584443.8441233,11,Census Tract 28,242.98636782,0.0,4854,36.9,4130,85.1,5,0.1,0,0.0,223,4.6,0,0.0,0,0.0,300,6.2,196,4.0,4839,99.7,15,0.3,2179,1107,50.8,1072,49.2,2.22,2323,2179,93.8,144,6.2,1235,56.7,944,43.3,304,1668,99.1,74.1,4421,49,1.1,119875,7.2,2.5,4854,552,11.4,724,903,315,7.1,18.6,14.9,0,0,0,13,31,398,758,35,580700.0,905,487,210,64,24,120,0,1428.0,944,147,137,221,170,42,227,0,3241,3208,33,734,20,50,123,120,67,356,245,492,304,402,1.0,19.98,9.56,8.97,0,0,24.0,13.3,top
16,19,2900,2900,53033002900,29.0,Census Tract 29,243.68167521,0,13366.3195076397,10614773.772293,9,Census Tract 29,243.68264994,0.0,4744,38.5,4083,86.1,0,0.0,1,0.0,265,5.6,12,0.3,29,0.6,143,3.0,211,4.4,4738,99.9,6,0.1,1953,1150,58.9,803,41.1,2.43,2002,1953,97.6,49,2.4,1278,65.4,675,34.6,284,1310,98.2,70.5,4489,57,1.3,104375,3.2,1.2,4717,424,9.0,661,1056,348,7.8,22.3,13.9,7,9,0,23,22,311,874,32,598200.0,997,526,164,92,35,180,7,1543.0,651,72,118,62,117,35,247,24,2976,2819,157,755,55,71,41,107,140,334,179,415,281,330,5.3,19.47,8.22,8.01,0,0,37.9,18.1,second
17,20,3000,3000,53033003000,30.0,Census Tract 30,368.96744741,0,16061.9476208421,16072222.0089667,6,Census Tract 30,368.96892328,0.0,5940,38.9,4778,80.4,18,0.3,0,0.0,277,4.7,22,0.4,0,0.0,399,6.7,446,7.5,5929,99.8,11,0.2,2608,1411,54.1,1197,45.9,2.27,2639,2608,98.8,31,1.2,1856,71.2,752,28.8,536,1795,96.6,66.3,5598,266,4.8,100500,6.5,2.2,5929,918,15.5,1162,1260,722,12.9,21.2,19.6,0,22,16,0,16,465,1322,15,601800.0,1339,394,196,200,119,430,17,1575.0,731,99,184,123,85,68,172,21,3776,3654,122,996,75,62,97,202,167,344,340,624,323,374,3.2,16.1,7.15,7.07,0,0,23.5,32.1,second
18,21,3100,3100,53033003100,31.0,Census Tract 31,530.70314556,0,24381.152480301298,23117429.020445,1,Census Tract 31,530.70527162,115.03150854,6457,42.0,5620,87.0,28,0.4,56,0.9,198,3.1,0,0.0,0,0.0,205,3.2,350,5.4,6438,99.7,19,0.3,2779,1799,64.7,980,35.3,2.32,2824,2779,98.4,45,1.6,2190,78.8,589,21.2,305,2054,97.7,66.3,6064,41,0.7,104934,4.2,4.7,6438,629,9.8,837,1458,214,3.5,22.6,13.0,14,0,0,0,28,708,1369,71,579300.0,1531,697,292,89,131,322,0,1631.0,546,58,60,124,43,118,143,43,3788,3689,99,1305,46,59,121,176,161,273,392,730,373,448,2.6,12.17,5.32,5.24,0,0,26.2,21.0,second
19,22,1701,1701,53033001701,17.01,Census Tract 17.01,220.59345569,0,17164.4546404212,9609050.92988548,10,Census Tract 17.01,220.59433807,0.0,4004,35.3,2794,69.8,250,6.2,53,1.3,386,9.6,19,0.5,0,0.0,268,6.7,234,5.8,3988,99.6,16,0.4,2000,906,45.3,1094,54.7,1.99,2151,2000,93.0,151,7.0,924,46.2,1076,53.8,190,1360,98.1,68.1,3644,72,2.0,69190,13.4,13.1,4004,866,21.6,1210,563,452,12.4,14.1,30.2,7,0,0,107,198,391,221,0,371100.0,670,306,72,57,72,163,0,1253.0,1022,162,177,164,219,70,230,54,2807,2606,201,682,209,59,78,88,319,335,212,453,121,126,7.2,18.15,9.75,9.07,0,0,22.5,24.3,fourth
20,23,1702,1702,53033001702,17.02,Census Tract 17.02,316.32914589999996,0,17476.4063853691,13779297.595404599,8,Census Tract 17.02,316.33041122,0.0,4832,37.3,3615,74.8,73,1.5,34,0.7,468,9.7,0,0.0,0,0.0,344,7.1,298,6.2,4690,97.1,142,2.9,2274,1003,44.1,1271,55.9,2.06,2345,2274,97.0,71,3.0,1326,58.3,948,41.7,376,1607,96.5,57.9,4548,298,6.6,69177,12.4,3.1,4718,1282,27.2,1217,670,859,18.9,13.9,25.2,22,13,0,0,89,734,433,35,409300.0,1102,319,302,120,85,276,0,1407.0,922,17,104,169,134,78,420,26,3015,2880,135,1208,122,146,171,87,268,471,294,409,190,116,4.5,15.28,7.41,7.19,0,0,45.6,25.0,fourth
21,24,1600,1600,53033001600,16.0,Census Tract 16,476.74837007,0,23530.6245099134,20767159.0001228,3,Census Tract 16,476.75029208,113.10433368,4603,43.9,3810,82.8,42,0.9,12,0.3,295,6.4,0,0.0,9,0.2,301,6.5,134,2.9,4566,99.2,37,0.8,1858,1205,64.9,653,35.1,2.46,1932,1858,96.2,74,3.8,1507,81.1,351,18.9,285,1225,99.5,67.1,4288,84,2.0,117250,6.4,6.4,4594,555,12.1,793,951,353,8.2,20.7,17.2,7,0,0,0,18,311,799,372,759200.0,1049,504,158,59,59,269,9,1710.0,334,32,4,76,67,48,107,17,2634,2534,100,1086,43,45,114,89,77,272,161,328,217,512,3.8,9.65,4.05,3.9,0,0,32.0,25.6,top
22,26,1500,1500,53033001500,15.0,Census Tract 15,283.17318415,0,13808.8375719678,12335023.9016665,2,Census Tract 15,283.17432392,98.46803485,2548,46.3,2269,89.1,0,0.0,7,0.3,152,6.0,0,0.0,0,0.0,70,2.7,50,2.0,2548,100.0,0,0.0,1118,643,57.5,475,42.5,2.28,1175,1118,95.1,57,4.9,841,75.2,277,24.8,141,836,98.7,65.9,2422,63,2.6,96019,5.6,2.5,2548,226,8.9,279,453,250,10.3,17.8,10.9,9,8,16,0,0,175,529,104,710000.0,594,247,132,29,49,137,0,1343.0,268,29,60,74,53,8,44,9,1498,1460,38,644,36,18,29,46,57,183,219,199,96,235,2.5,9.0,4.15,3.95,0,0,16.4,23.1,second
23,29,200,200,53033000200,2.0,Census Tract 2,812.00794875,0,24111.6882665987,35371066.24747971,29,Census Tract 2,812.01119692,0.0,7973,40.0,5043,63.3,345,4.3,104,1.3,1306,16.4,0,0.0,31,0.4,539,6.8,605,7.6,7885,98.9,88,1.1,3654,1995,54.6,1659,45.4,2.16,3849,3654,94.9,195,5.1,2067,56.6,1587,43.4,783,2105,93.3,56.9,7583,886,11.7,67397,9.1,6.2,7949,1825,23.0,2930,1200,2242,29.6,15.1,36.7,46,18,0,88,260,1290,365,0,384100.0,1383,528,249,257,127,222,0,1382.0,1555,116,34,233,165,217,790,32,4647,4369,278,2251,179,93,279,223,391,954,479,662,236,158,6.0,9.82,4.74,4.5,0,0,50.8,16.1,fourth
24,65,2700,2700,53033002700,27.0,Census Tract 27,393.80500868,0,24129.0791720348,17154146.178023998,14,Census Tract 27,393.80658389999996,0.0,6155,34.4,4566,74.2,88,1.4,1,0.0,686,11.1,0,0.0,11,0.2,480,7.8,323,5.2,6150,99.9,5,0.1,2462,1235,50.2,1227,49.8,2.5,2506,2462,98.2,44,1.8,1673,68.0,789,32.0,275,1786,96.9,75.4,5657,212,3.7,121807,7.7,2.3,6139,774,12.6,1589,935,747,13.2,15.2,25.8,0,0,0,12,97,322,1067,175,644600.0,1246,641,140,167,58,240,0,2149.0,706,55,203,105,138,63,142,83,3922,3861,61,1309,103,29,72,114,153,286,189,554,303,659,1.6,15.63,6.36,6.25,0,0,20.1,19.3,top
25,66,2200,2200,53033002200,22.0,Census Tract 22,683.24215103,0,29647.227569347597,29762028.098790698,44,Census Tract 22,683.3448939,0.0,5764,42.5,4465,77.5,5,0.1,1,0.0,707,12.3,13,0.2,0,0.0,333,5.8,240,4.2,5706,99.0,58,1.0,2306,1702,73.8,604,26.2,2.47,2432,2306,94.8,126,5.2,1939,84.1,367,15.9,277,1223,99.7,76.6,5412,210,3.9,144318,2.4,0.8,5697,402,7.1,1299,1200,833,15.4,20.8,22.5,13,0,0,0,44,346,1119,417,719200.0,1201,467,349,47,94,244,0,1864.0,367,28,121,15,40,0,163,0,3158,3034,124,1504,0,43,44,100,273,219,121,356,270,880,3.9,8.43,3.56,3.37,0,0,44.4,20.3,top
26,67,2400,2400,53033002400,24.0,Census Tract 24,241.67956487,0,13847.810256731202,10527561.845922,41,Census Tract 24,241.68053160000002,0.0,3180,42.0,2585,81.3,11,0.3,0,0.0,278,8.7,8,0.3,15,0.5,201,6.3,82,2.6,3180,100.0,0,0.0,1309,901,68.8,408,31.2,2.43,1342,1309,97.5,33,2.5,918,70.1,391,29.9,55,841,97.9,73.9,3048,89,2.9,109402,5.2,2.9,3172,397,12.5,595,749,402,13.2,23.6,18.7,8,0,17,9,8,308,560,8,571700.0,663,307,118,80,26,132,0,1534.0,383,50,93,49,40,35,116,8,1873,1765,108,661,34,8,32,87,124,165,123,303,162,271,5.8,13.16,5.55,5.42,0,0,30.3,19.9,top
27,68,2000,2000,53033002000,20.0,Census Tract 20,279.6981736,0,15511.7436966403,12183652.442207199,33,Census Tract 20,272.61231007,7.08698233,3814,36.1,3160,82.9,4,0.1,3,0.1,340,8.9,0,0.0,6,0.2,186,4.9,115,3.0,3790,99.4,24,0.6,1668,859,51.5,809,48.5,2.27,1701,1668,98.1,33,1.9,1020,61.2,648,38.8,240,1028,98.6,60.5,3529,110,3.1,95469,9.1,3.5,3814,719,18.9,654,631,412,11.7,16.5,17.1,28,0,20,8,76,445,420,23,474600.0,711,361,112,44,72,122,12,1609.0,618,76,75,53,48,55,311,30,2364,2264,100,870,82,51,114,121,144,150,248,270,235,253,4.2,13.99,6.24,6.12,0,0,50.3,17.2,second
28,69,2100,2100,53033002100,21.0,Census Tract 21,337.39104098,0,16139.9210115859,14696753.744960502,38,Census Tract 21,337.39239055,0.0,4210,38.9,3244,77.1,15,0.4,0,0.0,621,14.8,0,0.0,14,0.3,110,2.6,206,4.9,4166,99.0,44,1.0,1782,1011,56.7,771,43.3,2.34,1893,1782,94.1,111,5.9,1151,64.6,631,35.4,304,1137,97.2,66.9,3975,182,4.6,95515,8.9,5.0,4186,640,15.3,966,817,632,15.9,19.4,22.9,40,0,21,47,104,320,609,10,526100.0,775,504,101,54,53,63,8,1441.0,590,53,120,115,61,56,185,41,2595,2486,109,854,96,69,34,79,164,242,250,288,286,274,4.2,12.48,5.61,5.28,0,0,31.4,8.1,second
29,70,1900,1900,53033001900,19.0,Census Tract 19,410.97098497,0,21117.7835030534,17901896.105190698,26,Census Tract 19,410.97262886,0.0,4777,35.5,3444,72.1,112,2.3,8,0.2,783,16.4,13,0.3,0,0.0,215,4.5,202,4.2,4671,97.8,106,2.2,2264,1024,45.2,1240,54.8,2.06,2310,2264,98.0,46,2.0,1322,58.4,942,41.6,264,1324,94.5,60.8,4613,348,7.5,75652,11.8,4.5,4762,1015,21.3,1333,696,904,19.6,14.6,27.9,18,0,47,198,143,484,423,9,421000.0,958,349,198,92,83,236,7,1791.0,842,51,134,115,110,95,337,100,3086,2833,253,1099,176,25,158,97,258,406,327,386,237,194,8.2,11.62,5.62,5.51,0,0,40.0,24.6,middle
30,71,1800,1800,53033001800,18.0,Census Tract 18,232.99785609,0,14099.4819625573,10149386.611064501,12,Census Tract 18,232.99878808,0.0,5380,31.4,3620,67.3,34,0.6,0,0.0,759,14.1,13,0.2,4,0.1,481,8.9,469,8.7,5371,99.8,9,0.2,2289,964,42.1,1325,57.9,2.35,2389,2289,95.8,100,4.2,1127,49.2,1162,50.8,194,1669,95.0,64.7,5046,412,8.2,89260,13.2,3.2,5349,1502,28.1,1760,723,1211,24.0,13.4,32.7,0,11,17,0,55,700,329,15,439000.0,957,415,175,80,79,208,28,1433.0,1114,109,266,268,168,87,216,48,4009,3788,221,699,117,38,96,155,109,371,335,709,263,96,5.5,23.09,10.25,9.82,0,0,19.4,21.7,middle
31,72,900,900,53033000900,9.0,Census Tract 9,234.72353208,0,21457.1378410922,10224557.0572546,46,Census Tract 9,234.82329796,625.50007487,1972,50.4,1549,78.5,22,1.1,30,1.5,216,11.0,14,0.7,11,0.6,58,2.9,72,3.7,1946,98.7,26,1.3,868,538,62.0,330,38.0,2.24,942,868,92.1,74,7.9,726,83.6,142,16.4,107,508,99.0,72.9,1883,65,3.5,135625,4.1,0.0,1956,170,8.7,423,353,210,11.2,17.9,21.5,0,0,6,7,22,85,400,206,722500.0,449,203,96,20,19,111,10,2038.0,135,7,28,12,34,9,45,7,1112,1071,41,540,25,7,21,43,80,52,97,159,99,285,3.7,8.4,4.01,3.7,0,0,33.3,24.7,top
32,73,1300,1300,53033001300,13.0,Census Tract 13,292.55118422,0,15034.470142111799,12743529.5847743,13,Census Tract 13,292.55235443,0.0,4468,37.0,2487,55.7,159,3.6,0,0.0,1039,23.3,0,0.0,0,0.0,271,6.1,512,11.5,4460,99.8,8,0.2,2263,1012,44.7,1251,55.3,1.97,2406,2263,94.1,143,5.9,1090,48.2,1173,51.8,526,1122,92.5,53.5,4199,483,11.5,70764,7.9,1.3,4468,852,19.1,1981,509,1090,26.0,11.4,44.3,13,0,60,26,206,410,337,38,414600.0,943,441,160,92,66,184,0,1166.0,1129,120,152,134,134,107,482,44,2969,2901,68,1001,147,145,157,183,216,332,303,331,151,298,2.3,15.27,8.22,7.74,0,0,42.7,19.5,fourth
33,74,1100,1100,53033001100,11.0,Census Tract 11,262.01774748,0,14316.885374521498,11413493.080341099,35,Census Tract 11,262.01879556,0.0,2791,37.9,2019,72.3,8,0.3,0,0.0,428,15.3,0,0.0,16,0.6,120,4.3,200,7.2,2786,99.8,5,0.2,1092,685,62.7,407,37.3,2.55,1140,1092,95.8,48,4.2,793,72.6,299,27.4,251,661,95.7,61.6,2640,184,7.0,78542,10.3,3.2,2791,388,13.9,772,508,627,23.8,18.2,27.7,0,0,0,0,25,442,326,0,464800.0,567,135,151,15,81,185,0,1476.0,289,49,0,33,22,87,98,10,1656,1610,46,676,27,42,23,45,140,243,119,209,162,82,2.8,10.65,4.35,4.17,0,0,33.9,32.6,middle
34,75,1000,1000,53033001000,10.0,Census Tract 10,235.83566539,0,13304.724425748898,10273001.5844364,39,Census Tract 10,235.83660874,0.0,1982,38.2,1323,66.8,254,12.8,0,0.0,237,12.0,0,0.0,6,0.3,83,4.2,79,4.0,1956,98.7,26,1.3,765,474,62.0,291,38.0,2.56,792,765,96.6,27,3.4,496,64.8,269,35.2,114,408,97.7,66.6,1854,113,6.1,103750,15.2,11.4,1982,560,28.3,659,457,343,18.5,23.1,33.2,0,0,0,6,25,208,234,23,510700.0,325,124,50,38,29,84,0,1321.0,259,62,34,21,33,14,95,10,1109,1014,95,430,36,11,65,82,18,104,64,183,113,89,8.6,8.4,3.36,3.24,0,0,36.7,25.8,second
35,76,1200,1200,53033001200,12.0,Census Tract 12,453.17223874,0,20845.2028120641,19740182.7195343,27,Census Tract 12,453.17405144,0.0,7024,34.8,4167,59.3,433,6.2,0,0.0,1201,17.1,0,0.0,0,0.0,520,7.4,703,10.0,6916,98.5,108,1.5,3781,1262,33.4,2519,66.6,1.83,3882,3781,97.4,101,2.6,936,24.8,2845,75.2,599,1551,91.8,47.5,6647,1117,16.8,46358,21.2,18.1,6965,2798,40.2,2857,1034,2012,30.3,14.7,40.7,29,51,37,102,160,306,251,0,363100.0,710,213,113,132,117,135,0,1183.0,2456,208,300,192,339,199,1218,389,3803,3481,322,2324,435,415,548,188,462,570,391,446,223,103,8.5,15.5,8.57,8.34,0,0,49.6,19.0,bottom
36,77,800,800,53033000800,8.0,Census Tract 8,282.07307061,0,15396.722147055,12287102.9559754,43,Census Tract 8,282.07419891,0.0,2582,43.5,2109,81.7,80,3.1,0,0.0,229,8.9,0,0.0,0,0.0,163,6.3,1,0.0,2506,97.1,76,2.9,1067,716,67.1,351,32.9,2.35,1128,1067,94.6,61,5.4,740,69.4,327,30.6,106,510,98.1,66.5,2425,65,2.7,97344,9.0,6.0,2520,326,12.9,473,542,315,13.0,21.0,18.3,10,0,0,0,57,395,278,0,465800.0,455,203,112,56,12,72,0,1788.0,317,0,67,32,27,36,155,10,1515,1477,38,577,54,18,61,32,71,155,164,219,104,189,2.5,9.15,4.0,3.78,0,0,48.9,15.8,second
37,78,600,600,53033000600,6.0,Census Tract 6,948.31318595,0,31707.387154506698,41308522.379812606,15,Census Tract 6,934.91818414,13.39879507,8061,36.4,5049,62.6,825,10.2,66,0.8,927,11.5,0,0.0,0,0.0,354,4.4,840,10.4,7989,99.1,72,0.9,3413,1698,49.8,1715,50.2,2.34,3635,3413,93.9,222,6.1,1747,51.2,1666,48.8,910,1617,93.8,50.5,7544,940,12.5,61536,14.6,11.2,8039,2559,31.8,3012,1628,1978,26.2,20.2,37.4,89,0,0,14,227,768,649,0,447500.0,1205,419,127,169,119,371,0,1304.0,1636,212,267,248,186,123,600,30,4777,4631,146,1753,136,124,293,240,498,642,457,551,354,118,3.1,8.62,3.89,3.65,0,0,36.7,30.8,fourth
38,79,700,700,53033000700,7.0,Census Tract 7,319.89860374,0,16213.540329213998,13934783.1790625,34,Census Tract 7,319.89988334,0.0,4854,35.5,2559,52.7,637,13.1,16,0.3,849,17.5,112,2.3,59,1.2,170,3.5,452,9.3,4830,99.5,24,0.5,2222,1151,51.8,1071,48.2,2.17,2409,2222,92.2,187,7.8,1135,51.1,1087,48.9,588,956,92.5,45.5,4539,704,15.5,52957,17.5,14.4,4844,1288,26.6,2295,742,1591,35.1,15.3,47.3,0,19,35,154,234,461,232,0,342000.0,761,232,115,136,47,231,22,1165.0,1037,86,108,179,127,104,433,50,2985,2910,75,1172,182,76,228,137,410,382,328,279,89,111,2.5,15.17,7.53,6.95,0,0,41.8,30.4,bottom
39,80,100,100,53033000100,1.0,Census Tract 1,456.92702921,0,19590.483436076298,19903741.392295603,42,Census Tract 1,457.19506278,367.28557726,7963,35.6,4297,54.0,1110,13.9,24,0.3,1046,13.1,91,1.1,0,0.0,478,6.0,917,11.5,7927,99.5,36,0.5,3779,1732,45.8,2047,54.2,2.1,4030,3779,93.8,251,6.2,1101,29.1,2678,70.9,1072,1600,90.9,47.6,7587,1319,17.4,50030,15.9,8.1,7926,2834,35.8,3666,1419,2963,39.1,17.8,46.0,15,0,48,13,63,372,451,139,525300.0,711,360,106,100,51,94,0,1131.0,2559,137,218,375,298,292,1239,119,4482,4172,310,2181,428,230,509,254,467,569,461,397,214,250,6.9,17.42,8.81,8.27,0,0,48.4,13.2,bottom
40,81,300,300,53033000300,3.0,Census Tract 3,299.10185078,0,17267.9744895651,13028876.619865302,23,Census Tract 3,299.10305257,0.0,2822,36.4,2080,73.7,122,4.3,0,0.0,314,11.1,30,1.1,0,0.0,131,4.6,145,5.1,2807,99.5,15,0.5,1187,640,53.9,547,46.1,2.36,1212,1187,97.9,25,2.1,700,59.0,487,41.0,407,571,90.1,37.4,2704,151,5.6,73098,14.1,11.7,2813,587,20.9,742,507,358,13.2,18.0,26.3,17,0,0,0,121,397,137,28,397700.0,480,180,59,93,46,102,0,1226.0,462,53,32,74,116,35,152,25,1733,1690,43,599,49,101,51,91,113,206,140,228,95,113,2.5,9.43,4.05,3.97,0,0,32.9,21.2,fourth
41,82,4100,4100,53033004100,41.0,Census Tract 41,787.83067595,0,35293.1619894961,34317904.2443924,103,Census Tract 41,788.08855723,1397.30704505,7920,39.3,6477,81.8,8,0.1,0,0.0,974,12.3,16,0.2,0,0.0,328,4.1,117,1.5,7889,99.6,31,0.4,2879,2151,74.7,728,25.3,2.74,3024,2879,95.2,145,4.8,1992,69.2,887,30.8,168,2155,98.0,87.4,7453,411,5.5,168415,7.0,2.1,7882,953,12.1,1443,2070,1253,16.8,26.1,18.2,0,0,23,0,12,35,697,1225,1123700.0,1369,651,196,87,58,377,0,1654.0,808,203,104,106,104,22,269,79,3723,3579,144,2336,158,28,92,109,101,258,151,371,393,1218,3.9,10.05,3.84,3.65,0,0,33.3,27.5,top
42,83,5200,5200,53033005200,52.0,Census Tract 52,238.39255452,0,14181.3842712654,10384379.674889699,83,Census Tract 52,238.39351000000002,0.0,7041,23.8,3862,54.9,67,1.0,0,0.0,2355,33.4,19,0.3,69,1.0,428,6.1,241,3.4,6970,99.0,71,1.0,2959,747,25.2,2212,74.8,2.36,3265,2959,90.6,306,9.4,511,17.3,2448,82.7,114,1088,98.9,71.6,6837,686,10.0,41847,39.0,8.7,7000,3548,50.7,3179,495,2608,38.1,7.0,45.1,0,0,0,0,87,119,292,13,555200.0,262,102,94,18,0,48,0,1483.0,2203,297,176,227,135,219,1149,245,4215,3977,238,2380,837,97,185,211,397,368,156,343,114,251,5.6,29.54,13.7,12.41,0,0,52.2,18.3,bottom
43,84,5100,5100,53033005100,51.0,Census Tract 51,217.86364678,0,13462.590730929,9490140.45375687,79,Census Tract 51,217.86451824,0.0,3678,38.5,3041,82.7,29,0.8,5,0.1,222,6.0,0,0.0,39,1.1,120,3.3,222,6.0,3678,100.0,0,0.0,1655,911,55.0,744,45.0,2.22,1796,1655,92.1,141,7.9,1055,63.7,600,36.3,179,1037,98.1,77.4,3487,123,3.5,105580,8.2,7.7,3678,477,13.0,637,722,444,12.7,19.6,17.3,7,16,7,7,19,144,707,148,685200.0,770,313,176,66,66,149,7,1620.0,550,59,121,58,54,54,204,50,2318,2235,83,696,95,10,57,87,136,203,195,344,215,313,3.6,16.88,8.24,7.6,0,0,37.1,19.4,second
44,85,5301,5301,53033005301,53.01,Census Tract 53.01,134.28972565,0,11330.922474770201,5849660.44940785,85,Census Tract 53.01,134.29026281,0.0,7792,21.9,3726,47.8,200,2.6,184,2.4,2560,32.9,30,0.4,37,0.5,742,9.5,313,4.0,5176,66.4,2616,33.6,2864,258,9.0,2606,91.0,1.81,3205,2864,89.4,341,10.6,58,2.0,2806,98.0,134,479,94.0,55.8,7759,1276,16.4,20401,58.7,27.1,5335,4052,76.0,4066,149,3101,40.0,1.9,52.2,0,18,27,13,0,0,0,0,121200.0,0,0,0,0,0,0,0,1226.0,2426,131,89,56,292,190,1668,380,4002,3472,530,3691,992,309,353,237,405,258,152,129,15,14,13.2,58.02,23.87,21.33,0,0,68.8,0.0,bottom
45,86,5000,5000,53033005000,50.0,Census Tract 50,187.14268528,0,11560.147917042099,8151935.37096246,75,Census Tract 50,187.14343386,0.0,4194,30.9,3335,79.5,62,1.5,14,0.3,308,7.3,29,0.7,0,0.0,225,5.4,221,5.3,4194,100.0,0,0.0,2061,794,38.5,1267,61.5,2.03,2238,2061,92.1,177,7.9,507,24.6,1554,75.4,132,1348,98.4,74.0,4058,88,2.2,79980,5.5,0.0,4194,724,17.3,859,551,646,15.9,13.1,20.5,0,0,0,0,12,66,395,34,659000.0,456,206,120,12,35,83,0,1530.0,1554,171,324,236,145,158,520,0,3008,2902,106,774,78,48,124,109,281,301,259,507,143,211,3.5,22.41,11.96,11.01,0,0,33.5,18.2,middle
46,87,4200,4200,53033004200,42.0,Census Tract 42,608.83259931,0,23930.3293406803,26520748.0260207,101,Census Tract 42,608.83503465,0.0,8458,39.5,6696,79.2,153,1.8,1,0.0,826,9.8,89,1.1,38,0.4,195,2.3,460,5.4,8449,99.9,9,0.1,3331,2157,64.8,1174,35.2,2.54,3427,3331,97.2,96,2.8,2579,77.4,752,22.6,196,2217,98.2,78.5,7805,304,3.9,129226,4.5,1.0,8438,1074,12.7,1762,1934,1216,15.6,22.9,20.8,15,0,15,15,55,482,1668,329,689600.0,1742,795,253,230,151,313,0,1841.0,707,70,130,119,43,54,291,45,4902,4752,150,1825,73,53,31,104,155,403,493,580,476,963,3.1,13.89,5.63,5.47,0,0,41.2,18.0,top
47,88,4301,4301,53033004301,43.01,Census Tract 43.01,241.99065289,0,17201.370927238302,10541112.839949198,97,Census Tract 43.01,241.99162086,0.0,3644,32.8,2591,71.1,54,1.5,0,0.0,561,15.4,0,0.0,102,2.8,188,5.2,148,4.1,3588,98.5,56,1.5,1450,716,49.4,734,50.6,2.47,1549,1450,93.6,99,6.4,774,53.4,676,46.6,113,817,98.4,73.4,3462,128,3.7,85357,20.9,8.0,3601,1290,35.8,1053,632,655,18.9,17.3,28.9,0,0,0,0,18,137,584,35,681800.0,498,250,105,63,0,80,0,1310.0,663,25,115,73,37,76,337,13,1955,1881,74,1080,100,51,120,134,121,148,108,278,95,295,3.8,15.06,6.4,5.99,0,0,50.8,16.1,middle
48,89,4302,4302,53033004302,43.02,Census Tract 43.02,81.71674016,0,8012.1772401786,3559581.20135958,96,Census Tract 43.02,81.71706703,0.0,3854,22.0,2174,56.4,112,2.9,8,0.2,1200,31.1,0,0.0,0,0.0,250,6.5,110,2.9,2917,75.7,937,24.3,1511,231,15.3,1280,84.7,1.93,1710,1511,88.4,199,11.6,113,7.5,1398,92.5,81,368,96.9,71.0,3817,633,16.6,26886,50.2,12.6,2935,1894,64.5,1680,118,1465,38.4,3.1,43.6,9,0,0,0,47,10,29,18,,68,20,0,17,0,31,0,1132.0,1224,141,74,122,47,132,708,174,1958,1700,258,1812,424,177,113,134,182,263,77,83,50,8,13.2,47.16,20.93,18.49,0,0,57.8,45.6,bottom
49,90,4000,4000,53033004000,40.0,Census Tract 40,613.49153564,0,28199.5746102572,26723691.2923405,105,Census Tract 40,612.3556628,959.20501928,3198,38.1,2214,69.2,372,11.6,0,0.0,297,9.3,0,0.0,0,0.0,228,7.1,87,2.7,3005,94.0,193,6.0,1393,807,57.9,586,42.1,2.16,1472,1393,94.6,79,5.4,899,64.5,494,35.5,99,790,93.1,77.0,3066,129,4.2,76250,12.9,5.6,3129,916,29.3,984,772,432,14.1,24.1,30.8,0,0,41,70,96,119,322,251,694200.0,544,245,84,77,33,105,0,978.0,390,25,84,39,29,96,117,104,1769,1701,68,722,137,16,93,104,181,145,133,145,155,284,3.8,5.22,2.4,2.27,0,0,30.0,19.3,middle
50,91,4400,4400,53033004400,44.0,Census Tract 44,244.59580337,0,13317.898238264299,10654593.194870802,86,Census Tract 44,244.59678176,0.0,7314,25.3,5170,70.7,251,3.4,0,0.0,1082,14.8,0,0.0,0,0.0,249,3.4,562,7.7,6897,94.3,417,5.7,2686,732,27.3,1954,72.7,2.57,2868,2686,93.7,182,6.3,664,24.7,2022,75.3,292,1602,98.8,74.6,7154,302,4.2,56725,34.0,2.7,7099,3398,47.9,2144,423,1403,19.6,5.8,29.3,11,0,0,0,64,124,338,127,691100.0,454,177,79,61,18,119,0,1213.0,1960,288,232,205,108,197,930,62,5316,4940,376,1632,369,108,248,196,286,392,220,333,283,251,7.1,29.9,11.73,10.98,0,0,47.4,26.2,bottom
51,92,4500,4500,53033004500,45.0,Census Tract 45,165.79750953,0,11018.301532668898,7222139.51520506,82,Census Tract 45,165.79817272,0.0,3157,29.1,2497,79.1,29,0.9,16,0.5,371,11.8,0,0.0,0,0.0,153,4.8,91,2.9,3136,99.3,21,0.7,1024,545,53.2,479,46.8,3.06,1050,1024,97.5,26,2.5,659,64.4,365,35.6,110,1110,98.7,75.0,2961,42,1.4,108304,17.5,2.8,3123,781,25.0,660,461,330,11.1,14.6,20.9,15,0,6,0,9,155,437,37,612200.0,466,233,67,30,53,83,0,1925.0,357,52,15,51,115,23,101,8,2211,2121,90,498,30,0,34,39,59,150,146,241,89,236,4.1,19.04,6.33,6.18,0,0,28.3,17.8,top
52,94,4600,4600,53033004600,46.0,Census Tract 46,382.24270702,0,40944.7510816396,16650492.3176825,76,Census Tract 46,383.55991189,255.31693992,3674,37.0,3268,88.9,58,1.6,0,0.0,179,4.9,0,0.0,0,0.0,80,2.2,89,2.4,3674,100.0,0,0.0,1447,874,60.4,573,39.6,2.54,1516,1447,95.4,69,4.6,899,62.1,548,37.9,124,1175,97.5,75.3,3512,91,2.6,125547,5.2,1.8,3674,491,13.4,406,683,374,10.6,18.6,11.1,10,6,0,10,0,76,644,153,763900.0,707,354,96,53,66,138,0,1737.0,548,69,118,97,81,42,141,0,2379,2265,114,694,8,30,42,36,113,166,266,211,233,342,4.8,9.58,3.95,3.77,0,0,25.7,19.5,top
53,95,3600,3600,53033003600,36.0,Census Tract 36,295.63260503,0,17738.0446867492,12877756.2750105,81,Census Tract 36,295.63378756,0.0,6631,32.5,5025,75.8,92,1.4,0,0.0,952,14.4,0,0.0,14,0.2,282,4.3,266,4.0,6595,99.5,36,0.5,3542,1057,29.8,2485,70.2,1.86,3746,3542,94.6,204,5.4,1130,31.9,2412,68.1,218,2453,98.1,78.4,6455,194,3.0,69408,16.8,8.2,6582,1815,27.6,1606,824,1047,16.2,12.4,24.2,43,0,0,0,60,178,686,163,655700.0,810,268,119,154,49,220,0,1528.0,2125,215,302,215,326,186,881,287,4355,4235,120,1470,318,165,286,224,275,580,463,507,317,407,2.8,22.43,12.67,11.98,0,0,41.5,27.2,fourth
54,96,3900,3900,53033003900,39.0,Census Tract 39,240.61834206,0,13200.9092050906,10481334.980027499,104,Census Tract 39,240.61930453,0.0,3034,41.1,2336,77.0,22,0.7,35,1.2,297,9.8,0,0.0,6,0.2,179,5.9,159,5.2,3034,100.0,0,0.0,1191,853,71.6,338,28.4,2.55,1239,1191,96.1,48,3.9,923,77.5,268,22.5,43,845,97.9,72.3,2836,170,6.0,109659,7.5,5.6,3025,390,12.9,698,728,477,16.8,24.0,23.0,0,0,11,9,22,141,660,80,696100.0,580,294,83,94,42,67,18,1545.0,238,24,44,20,27,30,93,30,1633,1586,47,715,36,49,28,110,71,154,116,166,115,346,2.9,12.61,5.15,4.95,0,0,39.1,11.6,top
55,97,3800,3800,53033003800,38.0,Census Tract 38,154.33405404,0,10392.5315540704,6722791.39419166,100,Census Tract 38,154.33467138,0.0,2151,36.6,1692,78.7,37,1.7,1,0.0,231,10.7,0,0.0,0,0.0,145,6.7,45,2.1,2125,98.8,26,1.2,868,506,58.3,362,41.7,2.45,939,868,92.4,71,7.6,628,72.4,240,27.6,80,560,97.8,76.2,2009,70,3.5,99722,6.5,0.0,2123,276,13.0,459,464,224,11.1,21.6,21.3,11,0,0,6,11,167,401,32,605500.0,421,214,72,31,11,93,0,1398.0,225,7,28,46,5,20,119,15,1192,1153,39,527,43,34,32,46,38,137,106,136,122,174,3.3,13.94,6.08,5.62,0,0,52.9,22.1,second
56,99,1400,1400,53033001400,14.0,Census Tract 14,525.96403385,0,30486.9573155023,22910993.3146353,5,Census Tract 14,525.96609812,52.24623202,5550,37.6,4090,73.7,40,0.7,39,0.7,536,9.7,0,0.0,87,1.6,594,10.7,164,3.0,5512,99.3,38,0.7,2333,1352,58.0,981,42.0,2.36,2425,2333,96.2,92,3.8,1502,64.4,831,35.6,572,1301,94.5,54.4,5267,249,4.7,71144,10.1,8.7,5550,1065,19.2,1460,1008,772,14.7,18.2,26.3,0,0,30,40,136,528,768,0,506600.0,1149,375,291,103,74,306,18,1376.0,816,104,63,102,65,153,329,15,3655,3525,130,936,149,53,151,160,192,522,247,358,181,320,3.6,10.55,4.61,4.44,0,0,40.3,26.6,fourth
57,100,402,402,53033000402,4.02,Census Tract 4.02,444.49421891,0,21397.1748866823,19362168.1758336,21,Census Tract 4.02,444.49599689999997,0.0,5300,46.9,4141,78.1,179,3.4,15,0.3,336,6.3,45,0.8,0,0.0,270,5.1,314,5.9,5049,95.3,251,4.7,2437,983,40.3,1454,59.7,2.07,2502,2437,97.4,65,2.6,1012,41.5,1425,58.5,770,1345,94.9,49.8,5172,248,4.8,64972,7.9,1.1,5057,1062,21.0,1159,619,678,13.1,11.7,21.9,44,0,22,29,91,469,357,0,438200.0,767,334,99,113,126,95,0,1102.0,1386,209,80,144,121,146,686,39,3047,2930,117,1667,53,31,329,223,335,382,371,240,183,290,3.8,11.92,5.63,5.48,0,0,49.5,12.4,fourth
58,102,401,401,53033000401,4.01,Census Tract 4.01,336.97111147,0,15767.2974602164,14678461.6154926,22,Census Tract 4.01,316.74095391,20.23150596,6721,38.5,3593,53.5,918,13.7,29,0.4,1174,17.5,0,0.0,0,0.0,475,7.1,532,7.9,6629,98.6,92,1.4,3760,1407,37.4,2353,62.6,1.76,4017,3760,93.6,257,6.4,984,26.2,2776,73.8,1017,1315,93.8,39.1,6283,781,12.4,32568,22.2,17.8,6598,2453,37.2,3128,834,1599,25.4,12.4,46.5,0,32,56,205,132,375,184,0,324700.0,697,263,125,91,80,138,17,1007.0,2682,263,98,218,307,284,1512,94,3598,3423,175,2443,439,385,341,965,463,379,269,296,117,106,4.9,21.22,12.68,11.87,0,0,56.4,19.8,bottom
59,103,7800,7800,53033007800,78.0,Census Tract 78,514.0791526,0,29082.4934129186,22393287.8872593,125,Census Tract 78,514.84877274,793.70866141,5875,43.1,4301,73.2,281,4.8,22,0.4,271,4.6,0,0.0,0,0.0,727,12.4,273,4.6,5850,99.6,25,0.4,2291,1666,72.7,625,27.3,2.55,2359,2291,97.1,68,2.9,1680,73.3,611,26.7,129,1713,96.5,82.5,5601,83,1.5,155848,6.6,4.1,5875,601,10.2,1574,1290,550,9.8,22.0,26.8,0,0,0,0,56,126,825,673,895100.0,1178,529,144,152,135,218,0,1505.0,514,123,140,57,71,14,109,97,3266,3181,85,1484,77,59,39,143,56,209,115,378,235,980,2.6,11.41,4.58,4.45,0,0,21.2,18.5,top
60,104,9200,9200,53033009200,92.0,Census Tract 92,77.2948073,0,12522.068881016101,3366961.80591406,126,Census Tract 92,77.29512173,38.26772772,2869,48.2,1247,43.5,255,8.9,145,5.1,818,28.5,4,0.1,17,0.6,148,5.2,235,8.2,2628,91.6,241,8.4,1892,284,15.0,1608,85.0,1.39,2022,1892,93.6,130,6.4,111,5.9,1781,94.1,442,536,79.4,32.3,2864,605,21.1,21868,30.6,18.0,2866,1494,52.1,1622,61,897,31.3,2.1,56.5,0,0,13,12,0,25,61,0,538200.0,87,8,29,0,25,25,0,874.0,1705,172,193,132,366,133,709,76,1676,1530,146,1132,457,258,268,206,176,146,174,84,26,97,8.7,37.12,26.16,24.48,0,0,41.6,28.7,bottom
61,105,8800,8800,53033008800,88.0,Census Tract 88,234.38989478,0,13202.5266635552,10210023.816572301,127,Census Tract 88,234.39083234,0.0,4236,34.1,2452,57.9,519,12.3,8,0.2,347,8.2,138,3.3,85,2.0,313,7.4,374,8.8,4169,98.4,67,1.6,1642,907,55.2,735,44.8,2.54,1690,1642,97.2,48,2.8,907,55.2,735,44.8,254,1210,92.5,65.6,3935,195,5.0,95455,10.7,8.9,4185,888,21.2,1784,794,768,19.5,18.7,42.1,0,0,0,20,23,264,541,59,581000.0,751,287,154,99,48,163,0,1459.0,727,82,114,194,69,32,236,8,2865,2745,120,615,16,73,80,55,121,272,221,366,177,261,4.2,18.07,7.21,7.01,0,0,32.5,21.7,second
62,106,8700,8700,53033008700,87.0,Census Tract 87,180.96987292,0,11432.3841781508,7883047.66430378,128,Census Tract 87,180.9705968,0.0,4727,30.8,2530,53.5,895,18.9,23,0.5,399,8.4,0,0.0,12,0.3,332,7.0,536,11.3,4587,97.0,140,3.0,1899,719,37.9,1180,62.1,2.42,2019,1899,94.1,120,5.9,694,36.5,1205,63.5,329,1027,92.5,54.1,4612,382,8.3,69583,20.3,17.2,4661,1915,41.1,2197,722,1059,23.0,15.3,46.5,16,7,8,20,65,251,306,21,485800.0,559,280,63,28,44,144,0,1342.0,1171,75,232,134,164,65,501,34,3393,3244,149,741,81,43,201,179,152,297,161,444,187,154,4.4,26.12,11.16,10.49,0,0,42.8,25.8,fourth
63,107,8600,8600,53033008600,86.0,Census Tract 86,175.77338598,0,11738.2079894829,7656688.69330081,129,Census Tract 86,175.77408908,0.0,5300,23.8,2995,56.5,376,7.1,15,0.3,1095,20.7,18,0.3,0,0.0,233,4.4,568,10.7,3458,65.2,1842,34.8,2042,379,18.6,1663,81.4,1.69,2321,2042,88.0,279,12.0,369,18.1,1673,81.9,214,936,88.3,62.2,5274,615,11.7,50774,32.5,16.1,3509,1526,43.5,2305,187,1258,23.9,3.5,43.5,0,8,19,31,55,76,147,33,492100.0,282,206,35,0,24,17,0,1380.0,1598,169,116,165,148,195,805,75,3335,3024,311,1821,393,181,106,71,257,425,205,180,54,170,9.3,30.15,13.2,11.62,0,0,50.4,6.0,bottom
64,108,8500,8500,53033008500,85.0,Census Tract 85,117.17613095,0,9942.31624726144,5104192.26416519,130,Census Tract 85,117.17659966,0.0,4296,39.2,2194,51.1,686,16.0,33,0.8,726,16.9,25,0.6,11,0.3,270,6.3,351,8.2,2659,61.9,1637,38.1,1928,430,22.3,1498,77.7,1.38,2063,1928,93.5,135,6.5,181,9.4,1747,90.6,730,707,86.4,35.3,4281,415,9.7,38713,25.2,20.0,2681,1071,39.9,2102,57,1095,25.6,1.3,48.9,0,15,8,32,38,56,32,0,294300.0,80,8,25,31,0,16,0,1045.0,1638,290,118,175,250,68,737,109,1198,1144,54,3037,398,141,190,181,171,321,154,156,97,119,4.5,36.66,17.61,16.45,0,0,45.0,20.0,bottom
65,109,8100,8100,53033008100,81.0,Census Tract 81,206.3403066,0,19160.7083062701,8988183.7555819,131,Census Tract 81,206.34116353,91.15149163,4872,43.3,3030,62.2,423,8.7,133,2.7,610,12.5,13,0.3,102,2.1,255,5.2,306,6.3,4079,83.7,793,16.3,2748,900,32.8,1848,67.2,1.48,3480,2748,79.0,732,21.0,635,23.1,2113,76.9,661,1374,91.9,53.5,4790,242,5.1,79800,24.9,11.2,4588,1532,33.4,1842,216,1098,22.9,4.4,37.8,0,0,0,0,47,180,244,164,626400.0,428,209,16,32,34,137,0,1739.0,2078,288,363,212,320,449,446,35,2797,2622,175,1841,376,118,283,174,75,287,273,416,295,451,6.3,23.61,16.87,13.32,0,0,21.5,32.0,middle
66,110,8200,8200,53033008200,82.0,Census Tract 82,90.61166958,0,9698.29878113982,3947044.32698739,132,Census Tract 82,90.61203203,0.0,4212,33.9,2789,66.2,314,7.5,0,0.0,692,16.4,0,0.0,0,0.0,138,3.3,279,6.6,4189,99.5,23,0.5,2810,632,22.5,2178,77.5,1.49,3331,2810,84.4,521,15.6,436,15.5,2374,84.5,183,1519,99.9,70.5,4100,421,10.3,79167,11.0,0.0,4195,867,20.7,1423,112,942,23.0,2.7,33.8,0,0,17,16,32,75,202,94,630900.0,216,116,19,13,4,64,0,1430.0,2156,396,391,292,392,58,627,218,3037,2870,167,1063,332,56,241,143,189,416,345,433,189,466,5.5,46.48,36.76,31.01,0,0,29.1,29.6,middle
67,111,8300,8300,53033008300,83.0,Census Tract 83,58.67272493,0,9121.891025855071,2555783.89811889,133,Census Tract 83,58.67295963,0.0,3087,36.7,2193,71.0,143,4.6,34,1.1,397,12.9,6,0.2,19,0.6,65,2.1,230,7.5,2891,93.7,196,6.3,2103,410,19.5,1693,80.5,1.37,2237,2103,94.0,134,6.0,540,25.7,1563,74.3,320,992,94.4,57.0,3083,164,5.3,61058,13.4,2.7,3025,814,26.9,894,35,650,21.1,1.1,29.0,0,0,0,24,130,282,91,13,363000.0,411,189,61,59,50,52,0,1412.0,1563,132,174,260,197,169,631,0,2322,2280,42,730,174,78,169,140,297,375,258,365,120,127,1.8,52.61,38.13,35.84,0,0,40.4,12.7,fourth
68,112,8400,8400,53033008400,84.0,Census Tract 84,94.54248341,0,10061.807182624101,4118270.57753687,89,Census Tract 84,94.54286159,0.0,4530,32.0,3098,68.4,228,5.0,6,0.1,862,19.0,46,1.0,15,0.3,118,2.6,157,3.5,4452,98.3,78,1.7,3108,590,19.0,2518,81.0,1.43,3531,3108,88.0,423,12.0,372,12.0,2736,88.0,329,1375,96.8,62.8,4500,220,4.9,52066,12.0,3.4,4492,1092,24.3,1432,214,834,18.5,4.7,31.6,18,0,0,0,57,208,37,52,374000.0,280,77,64,48,17,74,0,1316.0,2591,237,499,348,409,249,849,145,3413,3354,59,888,227,127,306,316,459,427,342,465,214,225,1.7,47.91,37.35,32.87,0,0,32.8,26.4,bottom
69,113,7900,7900,53033007900,79.0,Census Tract 79,172.58898388,0,11649.1729743959,7517976.13799241,90,Census Tract 79,172.58967424,0.0,6339,32.6,4628,73.0,685,10.8,64,1.0,445,7.0,8,0.1,20,0.3,162,2.6,327,5.2,6133,96.8,206,3.2,3313,826,24.9,2487,75.1,1.85,3495,3313,94.8,182,5.2,1005,30.3,2308,69.7,348,2290,94.8,68.8,6201,334,5.4,76652,15.5,7.4,6286,1736,27.6,1711,520,988,15.9,8.2,27.0,0,16,0,31,131,507,268,52,425500.0,738,381,113,56,18,170,0,1445.0,2264,373,384,305,232,219,751,44,4448,4330,118,1373,267,97,225,322,305,385,357,689,271,395,2.7,36.73,20.25,19.2,0,0,33.2,23.0,middle
70,114,7500,7500,53033007500,75.0,Census Tract 75,198.10662277,0,13220.736135807,8629524.48777594,93,Census Tract 75,198.10741519999996,0.0,8753,31.1,6353,72.6,359,4.1,76,0.9,636,7.3,0,0.0,0,0.0,794,9.1,535,6.1,8735,99.8,18,0.2,5753,1110,19.3,4643,80.7,1.52,5851,5753,98.3,98,1.7,938,16.3,4815,83.7,312,3256,98.8,72.0,8362,107,1.3,65396,14.8,10.1,8753,1986,22.7,2400,565,1061,12.7,6.5,27.4,0,0,0,0,178,401,336,23,435700.0,777,314,171,43,25,224,0,1391.0,4595,471,613,1046,610,377,1478,220,6815,6671,144,1374,488,379,293,358,452,1194,921,956,366,346,2.1,44.18,29.53,29.04,0,0,32.2,28.8,fourth
71,115,7700,7700,53033007700,77.0,Census Tract 77,261.50615747,0,15242.209759494199,11391208.2195882,99,Census Tract 77,261.5072035,0.0,5308,35.4,3689,69.5,602,11.3,44,0.8,390,7.3,0,0.0,0,0.0,387,7.3,196,3.7,5285,99.6,23,0.4,2377,1164,49.0,1213,51.0,2.22,2508,2377,94.8,131,5.2,1399,58.9,978,41.1,267,1784,99.9,71.1,5105,15,0.3,113198,5.6,1.7,5280,655,12.4,1619,849,468,9.2,16.0,30.5,58,8,21,0,48,404,742,118,577800.0,1205,639,240,76,63,187,0,1358.0,955,156,231,96,33,114,325,23,3810,3660,150,733,20,0,61,76,195,327,331,579,197,591,3.9,20.3,9.59,9.09,0,0,34.0,15.5,top
72,116,7300,7300,53033007300,73.0,Census Tract 73,228.82033056,0,14267.0491513196,9967413.59899414,77,Census Tract 73,228.82124584,0.0,6613,34.4,3749,56.7,611,9.2,8,0.1,1083,16.4,62,0.9,0,0.0,398,6.0,702,10.6,6308,95.4,305,4.6,4291,976,22.7,3315,77.3,1.47,4791,4291,89.6,500,10.4,490,11.4,3801,88.6,338,1686,95.5,64.2,6544,371,5.7,94326,13.6,3.4,6545,1393,21.3,2864,224,1605,24.5,3.4,43.3,0,0,0,0,83,196,171,40,471700.0,294,126,33,0,29,106,0,1703.0,3692,812,665,367,720,324,804,109,4885,4400,485,1508,357,77,345,290,317,455,439,935,446,630,9.9,28.9,20.94,18.75,0,0,21.8,36.1,second
73,117,7402,7402,53033007402,74.02,Census Tract 74.02,61.59661722,0,7060.26366722216,2683148.64619972,92,Census Tract 74.02,61.59686361,0.0,5362,31.0,3671,68.5,361,6.7,0,0.0,577,10.8,19,0.4,25,0.5,482,9.0,227,4.2,5252,97.9,110,2.1,3529,439,12.4,3090,87.6,1.49,3870,3529,91.2,341,8.8,751,21.3,2778,78.7,525,1613,97.6,59.4,5297,128,2.4,51225,19.6,7.3,5362,2143,40.0,1691,140,681,12.9,2.6,31.5,0,0,68,15,219,368,81,0,330400.0,608,229,177,55,39,108,0,1219.0,2708,337,254,349,277,286,1205,70,4281,4172,109,941,285,174,399,364,518,458,543,464,151,173,2.5,87.05,62.83,57.29,0,0,44.5,17.8,bottom
74,118,7600,7600,53033007600,76.0,Census Tract 76,141.30794755,0,9906.36767252709,6155374.19527399,87,Census Tract 76,141.30851278,0.0,4257,33.5,3179,74.7,172,4.0,1,0.0,377,8.9,0,0.0,0,0.0,186,4.4,342,8.0,4172,98.0,85,2.0,2180,685,31.4,1495,68.6,1.91,2265,2180,96.2,85,3.8,757,34.7,1423,65.3,203,1319,98.1,75.6,4059,352,8.7,74688,12.4,11.5,4218,1027,24.3,1078,382,797,19.6,9.0,25.3,0,8,20,12,36,229,366,86,601000.0,513,146,42,190,37,98,0,1561.0,1346,155,175,198,221,146,451,77,2950,2785,165,939,131,69,106,83,338,364,221,438,168,262,5.6,30.13,16.03,15.43,0,0,33.5,19.1,fourth
75,119,7401,7401,53033007401,74.01,Census Tract 74.01,64.09274504,0,8333.34866458842,2791879.97389962,91,Census Tract 74.01,64.09300141,0.0,5192,32.6,3627,69.9,95,1.8,0,0.0,742,14.3,0,0.0,0,0.0,369,7.1,359,6.9,5192,100.0,0,0.0,3654,562,15.4,3092,84.6,1.42,3838,3654,95.2,184,4.8,776,21.2,2878,78.8,144,2116,97.5,71.8,5164,109,2.1,65217,8.6,5.7,5192,1063,20.5,1565,87,750,14.5,1.7,30.1,22,15,15,54,369,270,31,0,282600.0,450,159,79,56,43,113,21,1418.0,2837,636,430,341,255,451,724,41,4488,4349,139,600,174,14,350,366,359,740,470,605,345,231,3.1,81.01,59.88,57.01,0,0,25.5,25.1,fourth
76,120,6300,6300,53033006300,63.0,Census Tract 63,571.20899901,0,26361.5365168898,24881863.9967394,102,Census Tract 63,572.07917158,862.64982718,5510,45.7,4811,87.3,97,1.8,0,0.0,205,3.7,0,0.0,19,0.3,308,5.6,70,1.3,5485,99.5,25,0.5,2631,1426,54.2,1205,45.8,2.08,2886,2631,91.2,255,8.8,1682,63.9,949,36.1,69,1822,98.9,79.1,5365,126,2.3,134811,4.9,2.3,5485,400,7.3,699,940,421,7.8,17.1,12.7,5,20,11,21,21,136,443,1025,1369700.0,859,414,114,98,39,194,0,1563.0,893,68,144,246,122,76,237,56,2885,2749,136,1870,50,33,127,115,228,241,279,332,245,981,4.7,9.63,5.04,4.6,0,0,26.5,22.6,top
77,121,6200,6200,53033006200,62.0,Census Tract 62,627.4947195,0,49291.28620037,27333669.9813456,396,Census Tract 62,590.40412919,70.58120419,4416,40.5,3622,82.0,54,1.2,0,0.0,288,6.5,0,0.0,24,0.5,185,4.2,243,5.5,4378,99.1,38,0.9,1651,1234,74.7,417,25.3,2.65,1668,1651,99.0,17,1.0,1362,82.5,289,17.5,183,1115,98.8,84.1,4050,58,1.4,160625,4.9,1.7,4341,384,8.8,794,918,393,9.7,20.8,18.0,8,0,0,5,33,35,790,491,905200.0,897,483,184,68,29,133,0,2031.0,273,71,51,66,15,21,49,16,2632,2561,71,974,22,0,38,28,87,97,186,325,182,686,2.7,7.48,2.83,2.8,0,0,17.9,14.8,top
78,122,6500,6500,53033006500,65.0,Census Tract 65,283.56843259,0,17921.500777041998,12352240.9238298,84,Census Tract 65,283.56956687,0.0,4807,36.1,3913,81.4,19,0.4,9,0.2,289,6.0,14,0.3,48,1.0,296,6.2,219,4.6,4796,99.8,11,0.2,2481,1011,40.7,1470,59.3,1.93,2599,2481,95.5,118,4.5,1124,45.3,1357,54.7,151,1620,99.4,75.5,4548,75,1.6,96220,2.3,1.2,4789,448,9.4,894,655,496,10.9,13.6,18.6,20,0,0,0,56,246,321,481,896200.0,747,464,121,28,13,121,0,1576.0,1357,217,234,305,113,157,331,0,3415,3266,149,759,0,39,147,71,258,409,338,449,204,566,4.4,16.95,9.17,8.75,0,0,24.4,16.2,second
79,123,6600,6600,53033006600,66.0,Census Tract 66,252.56747521,0,23260.809546034103,11001839.2201101,78,Census Tract 66,252.56849255,204.20739265,4092,31.3,3029,74.0,79,1.9,3,0.1,506,12.4,0,0.0,0,0.0,235,5.7,240,5.9,4039,98.7,53,1.3,2390,640,26.8,1750,73.2,1.69,2491,2390,95.9,101,4.1,536,22.4,1854,77.6,162,1554,99.8,74.8,3986,71,1.8,88854,7.4,3.0,4091,642,15.7,1063,239,686,17.2,5.8,26.0,37,0,0,0,0,167,221,111,604600.0,426,225,21,51,71,58,0,1618.0,1835,334,296,323,167,192,523,19,3277,3156,121,606,53,0,89,81,212,557,328,419,348,303,3.7,16.2,9.86,9.46,0,0,28.5,13.6,middle
80,124,6400,6400,53033006400,64.0,Census Tract 64,223.28631551,0,13186.7701844649,9726351.90370161,95,Census Tract 64,223.28720866,0.0,3575,38.9,3006,84.1,38,1.1,8,0.2,178,5.0,0,0.0,9,0.3,180,5.0,156,4.4,3549,99.3,26,0.7,1369,919,67.1,450,32.9,2.59,1378,1369,99.3,9,0.7,1004,73.3,365,26.7,98,1186,98.0,82.1,3352,39,1.2,162532,4.5,1.8,3575,299,8.4,569,814,402,12.0,22.8,15.9,8,0,0,0,0,89,393,514,1012600.0,707,373,109,55,46,124,0,1961.0,347,68,73,59,33,33,81,18,2103,2007,96,759,60,16,0,39,77,114,111,183,215,554,4.6,16.01,6.17,6.13,0,0,23.3,17.5,top
81,125,6700,6700,53033006700,67.0,Census Tract 67,304.7206061,0,19424.0176690524,13273629.601541301,73,Census Tract 67,304.72181718,25.30210838,8688,30.9,5965,68.7,76,0.9,0,0.0,1957,22.5,0,0.0,0,0.0,439,5.1,251,2.9,8571,98.7,117,1.3,4728,1817,38.4,2911,61.6,1.81,5243,4728,90.2,515,9.8,1579,33.4,3149,66.6,302,2849,98.6,75.6,8318,637,7.7,106143,5.1,3.7,8688,912,10.5,2723,578,2184,26.3,6.7,31.3,63,0,74,0,192,504,407,339,461800.0,1240,670,137,134,67,232,0,1740.0,3149,572,895,693,259,137,593,0,6719,6422,297,1444,86,0,65,213,370,837,606,1163,909,479,4.4,28.51,17.21,15.52,0,0,18.8,18.7,second
82,126,6100,6100,53033006100,61.0,Census Tract 61,276.42477427,0,22354.510629161097,12041063.1673697,80,Census Tract 61,276.42588302,159.20110118,5316,34.2,4297,80.8,39,0.7,12,0.2,570,10.7,48,0.9,0,0.0,247,4.6,103,1.9,5310,99.9,6,0.1,2984,1121,37.6,1863,62.4,1.78,3163,2984,94.3,179,5.7,1276,42.8,1708,57.2,97,1729,98.9,77.2,5148,27,0.5,104521,4.3,2.2,5316,502,9.4,1019,479,389,7.6,9.0,19.2,41,0,0,29,70,237,550,349,737300.0,855,432,170,116,11,126,0,1415.0,1659,245,432,213,208,97,464,49,3886,3847,39,967,46,45,34,106,263,550,374,717,289,560,1.0,19.23,11.44,10.79,0,0,28.0,14.7,second
83,127,5400,5400,53033005400,54.0,Census Tract 54,296.12953497,0,21636.9137525812,12899402.5434517,74,Census Tract 54,296.18180418,0.0,5683,31.6,4486,78.9,76,1.3,0,0.0,492,8.7,0,0.0,0,0.0,497,8.7,132,2.3,5614,98.8,69,1.2,3028,934,30.8,2094,69.2,1.85,3191,3028,94.9,163,5.1,1340,44.3,1688,55.7,141,2174,98.6,81.3,5462,56,1.0,95703,8.8,3.6,5683,1076,18.9,1197,558,412,7.5,9.8,21.1,0,0,0,34,295,196,672,143,597700.0,990,509,162,57,90,172,0,1521.0,1654,267,352,288,252,113,382,34,4486,4406,80,664,110,17,80,72,417,498,375,575,499,385,1.8,19.19,10.77,10.22,0,0,23.1,17.4,second
84,128,5302,5302,53033005302,53.02,Census Tract 53.02,577.31791617,0,33889.3109946826,25147968.428519,94,Census Tract 53.02,580.6358219,184.16838178,4717,19.5,2099,44.5,92,2.0,16,0.3,1667,35.3,27,0.6,0,0.0,445,9.4,371,7.9,137,2.9,4580,97.1,127,4,3.1,123,96.9,1.08,137,127,92.7,10,7.3,0,0.0,127,100.0,16,70,80.9,47.0,4717,307,6.5,10521,57.7,0.0,137,102,74.5,2618,67,1743,37.0,1.4,55.5,0,0,0,0,0,0,0,0,,0,0,0,0,0,0,0,1158.0,114,0,5,5,0,11,93,13,1369,1035,334,3348,61,17,9,24,5,11,0,0,0,0,24.4,8.12,0.24,0.22,0,0,81.6,0.0,bottom
85,129,11700,11700,53033011700,117.0,Census Tract 117,864.5608412999999,0,29886.462955465497,37660270.247210294,224,Census Tract 117,866.36791699,0.0,5679,39.9,656,11.6,1467,25.8,27,0.5,2164,38.1,225,4.0,0,0.0,612,10.8,528,9.3,5609,98.8,70,1.2,1746,1291,73.9,455,26.1,3.21,1866,1746,93.6,120,6.4,1317,75.4,429,24.6,819,721,78.0,28.2,5420,1486,27.4,79211,12.6,10.4,5679,1773,31.2,5023,1197,2865,52.9,21.1,88.4,0,0,13,38,435,743,78,10,338600.0,930,280,174,113,53,310,0,1164.0,401,41,7,89,40,122,102,28,2968,2746,222,1671,62,122,69,173,167,244,294,337,218,60,7.5,6.55,2.15,2.02,0,0,25.4,33.3,middle
86,130,11800,11800,53033011800,118.0,Census Tract 118,573.96397953,0,26212.429071965296,25001870.948247697,225,Census Tract 118,574.70957584,560.7330132000001,8415,35.2,1685,20.0,2536,30.1,33,0.4,2046,24.3,0,0.0,0,0.0,868,10.3,1247,14.8,8327,99.0,88,1.0,2861,1976,69.1,885,30.9,2.91,3205,2861,89.3,344,10.7,1423,49.7,1438,50.3,1175,992,78.4,27.6,7736,2298,29.7,49264,26.6,23.4,8415,4213,50.1,6730,1921,3654,47.2,22.8,80.0,33,34,15,167,239,629,242,64,354100.0,1039,387,136,88,149,279,17,1059.0,1371,73,146,172,141,57,782,67,4323,3874,449,2274,437,98,233,392,292,425,331,457,114,82,10.4,14.64,5.58,4.98,0,0,57.0,26.9,bottom
87,131,26400,26400,53033026400,264.0,Census Tract 264,15.90625081,0,5973.484372667121,692876.285179732,222,Census Tract 264,1179.20171167,0.0,6174,31.7,2316,37.5,712,11.5,43,0.7,724,11.7,193,3.1,0,0.0,468,7.6,1718,27.8,6155,99.7,19,0.3,2397,1506,62.8,891,37.2,2.57,2513,2397,95.4,116,4.6,1050,43.8,1347,56.2,1292,476,81.6,20.7,5440,937,17.2,50773,10.4,10.9,6158,2606,42.3,3858,1668,2058,37.8,27.0,62.5,13,29,64,208,430,277,29,0,238100.0,811,256,126,31,59,339,0,1124.0,1327,138,56,157,127,131,718,20,3330,3202,128,1231,83,150,308,326,295,509,287,317,96,26,3.8,5.24,2.13,2.03,0,0,54.1,41.8,bottom
88,132,26500,26500,53033026500,265.0,Census Tract 265,100.50193079,0,11040.2901657048,4377864.10538389,223,Census Tract 265,492.67535449,0.40154624,4236,34.1,1268,29.9,769,18.2,8,0.2,828,19.5,110,2.6,0,0.0,473,11.2,780,18.4,4236,100.0,0,0.0,1521,1029,67.7,492,32.3,2.79,1612,1521,94.4,91,5.6,496,32.6,1025,67.4,833,260,73.4,12.5,3896,1037,26.6,32106,32.6,31.3,4173,2334,55.9,2968,1139,1841,47.3,26.9,70.1,25,0,12,88,154,179,31,7,286500.0,343,79,85,73,30,76,19,633.0,1017,114,109,117,236,118,323,8,2007,1823,184,1203,170,239,170,190,235,323,33,131,17,13,9.2,8.6,3.27,3.09,0,0,31.8,22.2,bottom
89,133,11002,11002,53033011002,110.02,Census Tract 110.02,414.16755798,0,22942.9362430166,18041138.8254765,230,Census Tract 110.02,414.16921465,0.0,4957,34.6,385,7.8,1737,35.0,104,2.1,2537,51.2,37,0.7,0,0.0,69,1.4,88,1.8,4957,100.0,0,0.0,1349,995,73.8,354,26.2,3.67,1367,1349,98.7,18,1.3,760,56.3,589,43.7,838,402,63.1,16.2,4639,1872,40.4,51031,35.7,27.7,4957,2821,56.9,4572,1543,2951,63.6,31.1,92.2,14,0,14,20,178,430,94,10,353500.0,424,63,74,62,45,180,0,1170.0,567,49,54,30,14,62,358,22,2372,2230,142,1218,95,102,184,89,181,212,167,184,74,61,6.0,11.97,3.3,3.26,0,0,63.1,42.5,bottom
90,134,11001,11001,53033011001,110.01,Census Tract 110.01,264.58812219,0,16587.989208922,11525458.602636,231,Census Tract 110.01,264.58918055,0.0,4697,39.2,666,14.2,1606,34.2,9,0.2,1950,41.5,22,0.5,14,0.3,92,2.0,338,7.2,4534,96.5,163,3.5,1666,985,59.1,681,40.9,2.72,1749,1666,95.3,83,4.7,576,34.6,1090,65.4,638,521,66.4,23.5,4375,1473,33.7,24725,44.3,38.2,4697,2941,62.6,4031,1235,2900,66.3,26.3,85.8,0,0,0,30,185,310,51,0,341000.0,395,141,43,46,53,112,0,802.0,974,129,46,22,80,100,597,116,1726,1567,159,1862,329,219,296,171,97,168,98,139,73,76,9.2,17.75,6.61,6.3,0,0,61.3,28.4,bottom
91,135,11102,11102,53033011102,111.02,Census Tract 111.02,320.70770103,0,20411.1689646969,13970027.4567972,232,Census Tract 111.02,321.37460438,0.0,4480,36.7,1891,42.2,473,10.6,0,0.0,1071,23.9,0,0.0,15,0.3,317,7.1,713,15.9,4318,96.4,162,3.6,1486,1071,72.1,415,27.9,2.91,1699,1486,87.5,213,12.5,802,54.0,684,46.0,483,766,84.2,42.7,4307,806,18.7,73214,17.1,14.8,4328,1388,32.1,2589,951,1818,42.2,21.2,57.8,28,0,0,10,16,326,296,126,524800.0,586,260,88,52,37,149,12,1125.0,684,58,44,110,165,39,268,0,2576,2468,108,1065,118,36,56,120,141,282,219,205,152,157,4.2,13.94,5.29,4.62,0,0,39.2,25.4,fourth
92,136,11101,11101,53033011101,111.01,Census Tract 111.01,284.25593024,0,15560.3341363146,12382188.3212453,233,Census Tract 111.01,284.25706727,0.0,5450,36.4,1091,20.0,1329,24.4,17,0.3,2275,41.7,49,0.9,0,0.0,392,7.2,297,5.4,5433,99.7,17,0.3,1875,1169,62.3,706,37.7,2.9,1956,1875,95.9,81,4.1,957,51.0,918,49.0,1020,670,77.6,27.3,5160,1561,30.3,52311,14.9,8.5,5419,2056,37.9,4359,1006,2541,49.2,18.5,80.0,30,0,0,36,217,605,69,0,349900.0,744,165,84,40,106,349,0,1195.0,864,46,89,126,70,104,429,54,2999,2660,339,1665,127,107,117,149,346,433,276,157,110,53,11.3,19.17,6.88,6.6,0,0,49.7,46.9,bottom
93,137,10200,10200,53033010200,102.0,Census Tract 102,688.64247666,0,34014.9634474595,29997266.283117797,110,Census Tract 102,688.31783566,345.7456483,4570,42.6,2864,62.7,506,11.1,5,0.1,833,18.2,0,0.0,19,0.4,193,4.2,150,3.3,4546,99.5,24,0.5,1954,1121,57.4,833,42.6,2.33,2090,1954,93.5,136,6.5,1494,76.5,460,23.5,295,1292,94.4,67.2,4263,323,7.6,99483,3.7,1.0,4548,578,12.7,1706,915,874,20.5,20.0,37.3,8,1,0,5,112,577,716,75,520700.0,1052,414,169,161,74,234,0,1650.0,435,60,59,61,115,40,100,25,2816,2702,114,930,51,29,74,115,161,308,245,431,243,297,4.0,6.64,3.04,2.84,0,0,23.0,22.2,second
94,138,10300,10300,53033010300,103.0,Census Tract 103,410.24494011,0,19550.420604124298,17870269.591271803,111,Census Tract 103,410.2465811,0.0,7084,37.3,2780,39.2,2110,29.8,32,0.5,1423,20.1,0,0.0,0,0.0,409,5.8,330,4.7,6936,97.9,148,2.1,2793,1363,48.8,1430,51.2,2.48,2922,2793,95.6,129,4.4,1289,46.2,1504,53.8,1261,1326,90.0,39.1,6445,1109,17.2,60444,24.4,20.6,6989,2747,39.3,4304,1575,2248,34.9,22.2,60.8,0,0,0,59,241,682,292,15,389900.0,1067,351,143,175,84,314,0,1235.0,1359,103,259,249,181,77,490,145,4037,3616,421,1550,470,41,118,289,160,579,319,527,113,177,10.4,17.27,7.12,6.81,0,0,36.1,29.4,fourth
95,139,10401,10401,53033010401,104.01,Census Tract 104.01,399.52657384,0,17272.8099728438,17403377.5564738,108,Census Tract 104.01,399.52817195,0.0,4303,43.4,801,18.6,715,16.6,0,0.0,2353,54.7,0,0.0,0,0.0,137,3.2,297,6.9,4225,98.2,78,1.8,1493,1094,73.3,399,26.7,2.83,1540,1493,96.9,47,3.1,1106,74.1,387,25.9,729,720,78.1,33.0,4049,1594,39.4,58342,17.9,13.3,4280,1764,41.2,3502,692,2353,58.1,16.1,81.4,54,0,0,0,193,585,256,18,373900.0,687,195,106,42,96,248,13,1403.0,294,23,8,32,52,54,125,93,2456,2157,299,1250,70,49,138,178,144,315,154,207,132,106,12.2,10.77,3.85,3.74,0,0,42.5,36.1,fourth
96,140,10402,10402,53033010402,104.02,Census Tract 104.02,444.50588817,0,20320.486200799398,19362676.4887992,112,Census Tract 104.02,444.50766619999996,0.0,4938,38.0,1264,25.6,365,7.4,0,0.0,2468,50.0,0,0.0,8,0.2,325,6.6,508,10.3,4902,99.3,36,0.7,1730,1255,72.5,475,27.5,2.83,1804,1730,95.9,74,4.1,1231,71.2,499,28.8,638,939,80.7,34.6,4718,1613,34.2,75972,11.3,8.1,4921,1074,21.8,3674,850,2442,51.8,17.2,74.4,48,0,0,11,212,681,243,36,367900.0,774,276,98,94,39,267,0,1379.0,410,58,70,38,0,10,234,89,3061,2864,197,1092,76,64,57,214,194,253,300,339,114,119,6.4,11.11,4.06,3.89,0,0,57.1,34.5,middle
97,141,9300,9300,53033009300,93.0,Census Tract 93,2341.80655738,0,53536.2778314404,102009093.639495,113,Census Tract 93,2341.81594881,177.91192063,2665,40.1,1339,50.2,323,12.1,33,1.2,513,19.2,0,0.0,10,0.4,277,10.4,170,6.4,2155,80.9,510,19.1,1141,447,39.2,694,60.8,1.89,1212,1141,94.1,71,5.9,580,50.8,561,49.2,271,573,90.8,45.6,2619,325,12.4,74696,17.7,3.1,2554,686,26.9,1326,225,620,23.7,8.4,49.8,17,0,0,16,114,207,214,12,448800.0,426,193,30,62,45,96,5,1445.0,528,97,95,81,67,58,130,33,1731,1657,74,608,49,12,21,116,162,215,100,182,118,166,4.3,1.14,0.52,0.49,0,0,24.6,22.5,fourth
98,142,10001,10001,53033010001,100.01,Census Tract 100.01,571.8336739,0,25228.68070737,24909074.835017603,115,Census Tract 100.01,556.92092755,14.91503369,4276,36.3,1486,34.8,1233,28.8,24,0.6,1167,27.3,0,0.0,0,0.0,134,3.1,232,5.4,4196,98.1,80,1.9,1539,979,63.6,560,36.4,2.73,1705,1539,90.3,166,9.7,809,52.6,730,47.4,246,791,80.6,45.5,4061,912,22.5,67292,13.5,8.2,4207,1515,36.0,2790,934,1827,45.0,21.8,65.2,0,10,9,9,115,408,258,0,425600.0,598,295,91,50,66,96,0,968.0,714,102,68,44,215,90,195,16,2443,2177,266,1023,143,45,132,102,188,217,198,260,151,103,10.9,7.68,3.06,2.76,0,0,27.3,16.1,fourth
99,143,10100,10100,53033010100,101.0,Census Tract 101,616.50903838,0,26431.9276059889,26855133.7118933,116,Census Tract 101,616.41142535,379.28847404,8025,41.0,2957,36.8,2392,29.8,36,0.4,1572,19.6,88,1.1,0,0.0,377,4.7,603,7.5,7866,98.0,159,2.0,3105,1686,54.3,1419,45.7,2.53,3235,3105,96.0,130,4.0,1740,56.0,1365,44.0,908,1661,88.6,49.9,7477,883,11.8,64161,18.7,11.7,7862,2613,33.2,5068,1523,1984,26.5,19.0,63.2,0,0,0,48,153,725,667,147,486000.0,1348,560,218,221,74,275,0,996.0,1317,83,28,99,113,187,807,48,4566,4243,323,2062,206,188,293,325,298,343,281,403,281,487,7.1,13.02,5.25,5.04,0,0,61.3,20.4,fourth
100,144,9500,9500,53033009500,95.0,Census Tract 95,629.16234408,0,30363.888467265402,27406311.7079922,118,Census Tract 95,629.04596178,718.87798598,6614,43.6,4202,63.5,1165,17.6,12,0.2,604,9.1,0,0.0,57,0.9,329,5.0,245,3.7,6582,99.5,32,0.5,2708,1493,55.1,1215,44.9,2.43,2797,2708,96.8,89,3.2,1943,71.8,765,28.2,500,1415,92.8,61.4,6285,314,5.0,100714,10.9,6.7,6554,1638,25.0,2412,1371,1067,17.0,20.7,36.5,57,0,0,15,100,442,875,454,695600.0,1547,669,217,175,42,444,0,928.0,702,85,103,41,125,71,277,63,3971,3869,102,1356,270,0,193,169,224,360,134,447,326,585,2.6,10.51,4.45,4.3,0,0,39.5,28.7,second
101,145,10002,10002,53033010002,100.02,Census Tract 100.02,234.31099080000004,0,14049.2910188845,10206586.759262899,119,Census Tract 100.02,234.31192805,0.0,4817,35.3,1876,38.9,261,5.4,0,0.0,1398,29.0,14,0.3,86,1.8,261,5.4,921,19.1,4794,99.5,23,0.5,1859,1096,59.0,763,41.0,2.58,1965,1859,94.6,106,5.4,895,48.1,964,51.9,567,1021,83.3,44.7,4537,1167,25.7,70048,7.5,3.5,4800,1418,29.5,2941,905,1836,40.5,18.8,61.1,19,0,8,8,79,477,304,0,431000.0,571,189,143,81,51,107,0,1237.0,858,84,145,62,137,152,278,106,3024,2913,111,986,27,69,92,186,291,360,289,282,176,87,3.7,20.56,8.39,7.93,0,0,32.4,18.7,fourth
102,146,9400,9400,53033009400,94.0,Census Tract 94,425.76556057,0,19268.3852562003,18546347.8185206,121,Census Tract 94,425.76726364,0.0,6754,36.3,1957,29.0,589,8.7,112,1.7,2088,30.9,15,0.2,0,0.0,586,8.7,1407,20.8,6642,98.3,112,1.7,2696,1544,57.3,1152,42.7,2.46,2932,2696,92.0,236,8.0,1060,39.3,1636,60.7,780,1610,79.1,41.4,6393,1961,30.7,65633,20.0,20.9,6671,2320,34.8,4797,1117,3101,48.5,16.5,71.0,0,0,0,42,159,433,401,25,446900.0,758,218,189,51,55,245,0,969.0,1545,175,239,162,235,162,572,91,4143,3881,262,1610,372,247,124,143,242,579,255,358,218,158,6.3,15.86,6.89,6.33,0,0,37.0,32.3,fourth
103,147,8900,8900,53033008900,89.0,Census Tract 89,314.30114156,0,19330.3976072001,13690957.7263136,122,Census Tract 89,314.62111524,0.0,5729,36.7,2845,49.7,1367,23.9,43,0.8,643,11.2,0,0.0,0,0.0,538,9.4,293,5.1,5567,97.2,162,2.8,2380,1211,50.9,1169,49.1,2.34,2483,2380,95.9,103,4.1,1098,46.1,1282,53.9,462,1432,92.1,58.8,5400,328,6.1,87250,12.7,8.9,5603,1661,29.6,2884,929,985,18.2,16.2,50.3,15,0,13,22,65,400,453,130,534400.0,860,453,94,27,108,178,0,1594.0,1249,157,313,248,116,90,325,33,3604,3514,90,1296,61,147,113,183,116,337,359,451,213,400,2.5,18.21,7.89,7.56,0,0,26.0,20.7,middle
104,148,9000,9000,53033009000,90.0,Census Tract 90,202.79941598,0,13601.1893800814,8833942.560158802,123,Census Tract 90,202.80022718,0.0,3675,37.9,1332,36.2,1017,27.7,41,1.1,886,24.1,11,0.3,0,0.0,246,6.7,142,3.9,3469,94.4,206,5.6,1833,661,36.1,1172,63.9,1.89,1943,1833,94.3,110,5.7,449,24.5,1384,75.5,535,803,86.2,46.6,3452,787,22.8,47428,19.3,7.1,3560,1267,35.6,2343,518,1224,35.5,14.1,63.8,0,0,0,44,88,197,120,0,364700.0,375,162,69,93,19,32,0,1138.0,1350,108,143,202,137,275,485,34,2173,2062,111,1013,277,107,234,177,153,202,151,266,192,74,5.1,18.12,9.58,9.04,0,0,35.9,8.5,bottom
105,149,9100,9100,53033009100,91.0,Census Tract 91,103.49174734,0,10577.243379097199,4508100.51432887,124,Census Tract 91,103.49216131,0.0,2420,45.1,508,21.0,234,9.7,54,2.2,1370,56.6,0,0.0,0,0.0,155,6.4,99,4.1,2395,99.0,25,1.0,1527,470,30.8,1057,69.2,1.57,1773,1527,86.1,246,13.9,94,6.2,1433,93.8,407,510,66.7,29.7,2378,1112,46.8,31250,18.4,6.8,2395,1219,50.9,1912,233,1477,62.1,9.6,79.0,0,0,0,18,49,27,0,0,275000.0,37,11,17,0,0,9,0,678.0,1372,183,142,167,251,198,431,61,1453,1325,128,778,234,109,239,257,281,146,36,127,44,54,8.8,23.38,17.13,14.75,0,0,31.4,24.3,bottom
106,153,12100,12100,53033012100,121.0,Census Tract 121,422.29411280000005,0,25850.3223607035,18395131.553386103,290,Census Tract 121,422.29581562,345.82496913,2663,48.3,2030,76.2,98,3.7,18,0.7,68,2.6,117,4.4,0,0.0,88,3.3,244,9.2,2645,99.3,18,0.7,1176,836,71.1,340,28.9,2.25,1275,1176,92.2,99,7.8,1046,88.9,130,11.1,210,847,98.8,58.5,2543,23,0.9,115000,1.3,0.0,2619,87,3.3,633,515,220,8.7,19.3,23.8,0,7,0,0,62,407,452,118,538700.0,734,387,102,28,51,166,0,1433.0,125,7,51,26,10,0,31,5,1547,1490,57,628,0,0,21,54,76,213,157,214,193,248,3.7,6.31,3.02,2.78,0,0,24.8,22.6,top
107,154,12000,12000,53033012000,120.0,Census Tract 120,357.68454201,0,17328.030080088898,15580738.6500388,294,Census Tract 120,357.68597275,0.0,3615,41.1,2807,77.6,260,7.2,99,2.7,72,2.0,23,0.6,0,0.0,155,4.3,199,5.5,3615,100.0,0,0.0,1526,937,61.4,589,38.6,2.37,1589,1526,96.0,63,4.0,1213,79.5,313,20.5,489,834,96.2,52.0,3348,33,1.0,100855,6.0,2.6,3615,374,10.3,808,772,210,6.3,21.4,22.4,17,0,47,21,175,595,349,9,412500.0,918,431,146,119,66,156,0,1628.0,306,80,46,73,34,21,52,7,2198,2153,45,722,57,9,80,36,149,229,190,373,245,158,2.0,10.11,4.44,4.27,0,0,17.0,17.0,second
108,155,11402,11402,53033011402,114.02,Census Tract 114.02,293.09567789,0,17329.7364208416,12767247.729039099,301,Census Tract 114.02,293.11024196,0.0,4371,37.7,1914,43.8,433,9.9,54,1.2,567,13.0,116,2.7,96,2.2,264,6.0,927,21.2,4371,100.0,0,0.0,1993,1030,51.7,963,48.3,2.19,2056,1993,96.9,63,3.1,907,45.5,1086,54.5,600,765,82.5,36.8,4066,867,21.3,50377,14.1,9.9,4371,1524,34.9,2457,877,1644,40.4,20.1,56.2,0,0,11,117,331,326,122,0,298300.0,717,162,180,89,62,224,0,1059.0,981,63,84,145,193,77,419,105,2632,2379,253,944,281,19,264,162,261,388,204,344,25,45,9.6,14.91,7.01,6.8,0,0,42.7,31.2,bottom
109,156,11600,11600,53033011600,116.0,Census Tract 116,769.56875538,0,31928.9021557164,33522414.9845606,289,Census Tract 116,769.57179939,239.99146419,6899,46.0,5937,86.1,34,0.5,118,1.7,191,2.8,0,0.0,0,0.0,298,4.3,321,4.7,6829,99.0,70,1.0,3079,1763,57.3,1316,42.7,2.22,3231,3079,95.3,152,4.7,2210,71.8,869,28.2,573,1973,98.0,62.8,6444,103,1.6,103835,7.0,4.7,6868,972,14.2,962,1287,496,7.7,18.7,13.9,18,0,0,24,43,508,1444,173,635000.0,1654,619,321,237,83,394,15,1407.0,803,45,163,109,101,82,303,66,4066,4012,54,1660,111,47,210,198,151,369,377,686,337,593,1.3,8.96,4.2,4.0,0,0,37.7,23.8,second
110,157,11300,11300,53033011300,113.0,Census Tract 113,790.59093958,0,26299.447960612597,34438141.3281342,227,Census Tract 113,780.24004171,10.43278919,7054,38.1,3216,45.6,381,5.4,26,0.4,1269,18.0,18,0.3,0,0.0,1233,17.5,911,12.9,7029,99.6,25,0.4,3012,1553,51.6,1459,48.4,2.33,3052,3012,98.7,40,1.3,1369,45.5,1643,54.5,818,1062,86.9,29.4,6660,1019,15.3,55000,7.5,6.6,7021,2240,31.9,3838,1555,1851,27.8,22.0,54.4,0,0,0,75,443,725,113,13,338200.0,1035,418,252,95,26,244,0,1117.0,1643,81,139,137,67,275,944,0,4018,3873,145,1607,82,209,331,336,355,569,412,373,195,150,3.6,9.04,3.91,3.86,0,0,57.5,23.6,bottom
111,158,11500,11500,53033011500,115.0,Census Tract 115,380.13436072,0,19887.308936324698,16558652.7528892,297,Census Tract 115,380.13588126,0.0,4421,39.0,3420,77.4,212,4.8,0,0.0,403,9.1,0,0.0,8,0.2,201,4.5,177,4.0,4421,100.0,0,0.0,1981,1163,58.7,818,41.3,2.23,2074,1981,95.5,93,4.5,1423,71.8,558,28.2,507,1234,96.4,53.7,4135,156,3.8,90701,6.1,3.9,4414,529,12.0,1001,787,447,10.8,17.8,22.6,35,0,0,20,195,846,309,18,410600.0,1115,449,229,180,49,208,0,1290.0,550,106,85,96,100,11,152,8,2976,2856,120,685,9,24,103,86,269,304,268,452,288,178,4.0,11.63,5.46,5.21,0,0,27.6,18.7,middle
112,159,11401,11401,53033011401,114.01,Census Tract 114.01,304.7141776,0,17478.0591080378,13273349.5763511,306,Census Tract 114.01,304.71539646,0.0,4253,34.8,1778,41.8,824,19.4,29,0.7,489,11.5,7,0.2,22,0.5,309,7.3,795,18.7,4253,100.0,0,0.0,1741,981,56.3,760,43.7,2.44,1948,1741,89.4,207,10.6,895,51.4,846,48.6,608,549,87.4,28.8,4154,593,14.3,62090,15.2,14.8,4253,1450,34.1,2475,821,1113,26.8,19.3,58.2,22,0,13,56,270,375,159,0,333400.0,661,163,49,93,103,253,34,1365.0,824,66,112,142,88,124,292,22,2568,2413,155,975,136,26,113,131,303,375,220,341,60,36,6.0,13.96,6.39,5.71,0,0,35.4,38.3,fourth
113,160,10800,10800,53033010800,108.0,Census Tract 108,1000.66749921,0,37967.9949837691,43589076.265393704,307,Census Tract 108,987.32241459,81.69822817,4970,37.8,2360,47.5,538,10.8,0,0.0,1144,23.0,109,2.2,0,0.0,333,6.7,486,9.8,4941,99.4,29,0.6,1861,1210,65.0,651,35.0,2.66,1882,1861,98.9,21,1.1,1298,69.7,563,30.3,573,1156,96.6,50.8,4617,279,6.0,85885,11.9,9.5,4885,1363,27.9,2610,1074,934,20.2,21.6,52.5,16,6,11,72,223,719,251,0,374000.0,1081,459,208,122,64,228,5,1487.0,545,24,11,76,102,93,239,18,2757,2560,197,1204,77,102,114,103,191,211,263,469,195,136,7.1,5.03,1.91,1.88,0,0,43.9,21.1,middle
114,161,10701,10701,53033010701,107.01,Census Tract 107.01,359.89033058,0,21916.754549041,15676822.799857,304,Census Tract 107.01,358.98637602,0.90539412,3736,33.5,1647,44.1,1181,31.6,0,0.0,407,10.9,127,3.4,0,0.0,122,3.3,252,6.7,3687,98.7,49,1.3,1478,821,55.5,657,44.5,2.49,1584,1478,93.3,106,6.7,633,42.8,845,57.2,364,593,90.1,38.8,3263,438,13.4,62826,23.9,20.1,3687,1543,41.8,2089,1017,1032,31.6,27.2,55.9,18,0,8,17,164,215,202,9,371600.0,587,165,103,91,90,138,0,1131.0,807,59,101,73,173,90,311,38,2141,1848,293,606,114,110,152,124,126,244,195,231,54,128,13.7,10.41,4.41,4.12,0,0,38.5,23.5,fourth
115,162,10600,10600,53033010600,106.0,Census Tract 106,624.10897718,0,29931.0495374852,27186187.045756,288,Census Tract 106,624.11096486,201.91993814,8328,42.4,6383,76.6,253,3.0,68,0.8,551,6.6,16,0.2,31,0.4,420,5.0,606,7.3,8318,99.9,10,0.1,3744,2181,58.3,1563,41.7,2.22,3890,3744,96.2,146,3.8,2425,64.8,1319,35.2,724,2606,95.7,58.9,7690,412,5.4,90306,5.3,2.4,8298,1201,14.5,1945,1527,821,10.7,18.3,23.4,16,11,0,14,170,712,1200,302,573300.0,1691,705,277,236,130,343,0,1315.0,1270,127,233,233,179,112,386,49,5049,4843,206,1898,97,20,224,168,410,698,398,840,345,544,4.1,13.34,6.23,6.0,0,0,30.4,20.3,middle
116,163,10702,10702,53033010702,107.02,Census Tract 107.02,193.9028761,0,15550.319661301399,8446409.28275329,302,Census Tract 107.02,193.90365171,0.0,4600,31.5,1356,29.5,1708,37.1,0,0.0,813,17.7,0,0.0,6,0.1,306,6.7,411,8.9,4594,99.9,6,0.1,1547,1099,71.0,448,29.0,2.97,1639,1547,94.4,92,5.6,575,37.2,972,62.8,360,592,75.4,32.6,4052,1032,25.5,41416,33.6,34.5,4599,2682,58.3,3244,1478,2014,49.7,32.1,70.5,14,0,0,6,109,323,123,0,377300.0,502,174,118,74,41,95,7,557.0,964,139,52,106,192,83,392,8,2044,1846,198,1228,151,190,180,132,251,142,103,183,137,78,9.7,23.72,8.45,7.98,0,0,40.7,18.9,bottom
117,164,10500,10500,53033010500,105.0,Census Tract 105,424.49720058,0,19150.973779340802,18491098.0571421,293,Census Tract 105,424.49889857,0.0,7468,40.2,5856,78.4,141,1.9,17,0.2,670,9.0,0,0.0,0,0.0,507,6.8,277,3.7,7257,97.2,211,2.8,3963,1642,41.4,2321,58.6,1.83,4246,3963,93.3,283,6.7,1715,43.3,2248,56.7,753,2021,95.6,60.4,7250,181,2.5,77760,6.6,0.7,7240,1112,15.4,1612,862,845,11.7,11.5,21.6,23,0,22,24,100,682,864,0,502700.0,1299,603,272,95,85,244,19,1533.0,2161,136,281,308,410,285,741,87,5043,4831,212,1581,249,55,273,306,339,688,550,645,446,412,4.2,17.59,10.0,9.34,0,0,34.3,18.8,middle
118,165,9900,9900,53033009900,99.0,Census Tract 99,1612.58200155,0,64638.7574652728,70244071.9876864,303,Census Tract 99,1612.60365924,565.03264683,5675,36.7,4224,74.4,136,2.4,0,0.0,517,9.1,0,0.0,0,0.0,312,5.5,486,8.6,5658,99.7,17,0.3,2858,1412,49.4,1446,50.6,1.98,2978,2858,96.0,120,4.0,1478,51.7,1380,48.3,417,1957,96.9,60.8,5345,299,5.6,75000,8.7,8.1,5675,882,15.5,1451,818,641,12.0,14.4,25.6,33,17,0,180,222,599,414,13,368300.0,1185,487,176,129,78,315,0,1305.0,1380,169,109,348,187,190,377,0,3992,3710,282,913,102,73,161,130,364,599,323,570,361,175,7.1,3.52,1.85,1.77,0,0,27.3,26.6,middle
119,167,9702,9702,53033009702,97.02,Census Tract 97.02,548.3270524000001,0,28387.515208492798,23885126.4027095,292,Census Tract 97.02,548.32924572,0.0,5551,42.4,4596,82.8,16,0.3,15,0.3,235,4.2,0,0.0,84,1.5,356,6.4,249,4.5,5527,99.6,24,0.4,2358,1461,62.0,897,38.0,2.34,2421,2358,97.4,63,2.6,2064,87.5,294,12.5,394,1858,98.2,68.6,5206,48,0.9,114741,4.8,2.4,5538,516,9.3,955,1346,324,6.2,24.2,17.2,40,0,0,0,32,709,1231,52,568700.0,1686,647,262,205,165,407,0,1694.0,273,9,35,60,0,0,169,21,3048,3013,35,1290,66,18,167,178,176,145,228,672,354,354,1.1,10.12,4.42,4.3,0,0,61.9,24.1,top
120,168,9701,9701,53033009701,97.01,Census Tract 97.01,442.86378251,0,29764.5675626062,19291146.3660631,287,Census Tract 97.01,442.86555513,397.96173347,6254,45.1,4905,78.4,122,2.0,33,0.5,388,6.2,0,0.0,0,0.0,281,4.5,525,8.4,6227,99.6,27,0.4,3099,1643,53.0,1456,47.0,2.01,3205,3099,96.7,106,3.3,1704,55.0,1395,45.0,386,2090,98.4,67.0,5952,167,2.8,106821,3.8,1.2,6222,710,11.4,1349,1028,811,13.6,16.4,21.6,18,0,37,97,38,289,888,337,649200.0,1268,581,207,112,82,286,0,1271.0,1346,396,87,226,138,192,307,49,3861,3791,70,1452,70,20,136,202,306,433,212,641,523,556,1.8,14.12,7.24,7.0,0,0,22.8,22.6,top
121,169,9800,9800,53033009800,98.0,Census Tract 98,477.0565525,0,19647.3666991524,20780583.42673,296,Census Tract 98,477.05846073,0.0,7326,40.8,6183,84.4,36,0.5,0,0.0,483,6.6,0,0.0,0,0.0,269,3.7,355,4.8,7279,99.4,47,0.6,3127,1863,59.6,1264,40.4,2.33,3255,3127,96.1,128,3.9,2216,70.9,911,29.1,611,2178,98.2,60.6,6986,87,1.2,105110,7.0,4.3,7326,954,13.0,1143,1508,350,5.0,20.6,15.6,18,0,0,14,120,700,1299,65,556500.0,1640,649,403,204,149,235,17,1201.0,843,155,157,98,134,162,137,68,4211,4124,87,1687,80,76,138,25,424,481,312,453,628,510,2.1,15.36,6.82,6.55,0,0,16.3,14.3,second
122,170,9600,9600,53033009600,96.0,Census Tract 96,452.88800862,0,20839.4472978477,19727801.6556613,291,Census Tract 96,452.88985087,334.63084827,5783,48.4,4775,82.6,75,1.3,11,0.2,321,5.6,0,0.0,0,0.0,315,5.4,286,4.9,5655,97.8,128,2.2,2789,1543,55.3,1246,44.7,2.03,3161,2789,88.2,372,11.8,1442,51.7,1347,48.3,389,1639,95.5,64.2,5539,114,2.1,92888,2.4,1.0,5683,575,10.1,1008,918,481,8.7,15.9,17.4,30,0,0,0,19,209,869,315,699600.0,1034,461,123,213,29,208,12,1430.0,1285,140,235,236,117,82,475,62,3392,3272,120,1633,26,43,298,229,175,359,355,345,434,525,3.5,12.77,6.98,6.16,0,0,37.0,20.1,middle
123,171,8001,8001,53033008001,80.01,Census Tract 80.01,120.23497868,0,19254.6338660012,5237435.67129053,88,Census Tract 80.01,120.23569211,0.0,6538,35.1,3791,58.0,510,7.8,20,0.3,1620,24.8,0,0.0,53,0.8,207,3.2,337,5.2,6436,98.4,102,1.6,4507,1183,26.2,3324,73.8,1.43,4934,4507,91.3,427,8.7,1184,26.3,3323,73.7,517,2205,98.0,76.2,6457,96,1.5,98250,10.0,0.0,6538,1214,18.6,2747,199,1531,23.7,3.0,42.0,32,0,0,0,160,518,378,96,456300.0,977,430,150,163,100,134,0,1651.0,3132,828,620,341,279,358,706,191,5101,4827,274,1159,438,226,247,173,250,317,620,871,448,917,5.4,54.38,41.04,37.48,0,0,22.5,13.7,second
124,172,8002,8002,53033008002,80.02,Census Tract 80.02,56.59967958,0,8018.58561793979,2465482.04270394,134,Census Tract 80.02,56.59990598,0.0,3744,36.1,2443,65.3,205,5.5,33,0.9,576,15.4,0,0.0,18,0.5,207,5.5,262,7.0,3482,93.0,262,7.0,2479,513,20.7,1966,79.3,1.4,2785,2479,89.0,306,11.0,501,20.2,1978,79.8,426,1123,94.2,54.7,3639,276,7.6,55136,22.8,19.3,3613,1378,38.1,1301,136,747,20.5,3.6,34.7,0,0,0,0,55,122,204,120,665500.0,340,95,57,32,0,156,0,1066.0,1923,312,383,187,206,92,743,55,2316,2216,100,1305,402,317,111,120,212,378,253,246,156,284,4.3,66.15,49.21,43.8,0,0,38.6,45.9,bottom
125,173,7200,7200,53033007200,72.0,Census Tract 72,249.63248924,0,16545.7372025582,10873991.231133,72,Census Tract 72,249.63348777,0.0,8862,30.8,5033,56.8,445,5.0,109,1.2,1811,20.4,0,0.0,63,0.7,759,8.6,642,7.2,8629,97.4,233,2.6,5974,1311,21.9,4663,78.1,1.44,6237,5974,95.8,263,4.2,850,14.2,5124,85.8,333,2969,97.8,76.4,8660,270,3.1,98324,8.5,3.4,8654,1277,14.8,3829,477,2582,29.8,5.4,43.2,0,0,0,0,154,278,359,59,494400.0,696,368,172,77,0,79,0,1680.0,5065,943,856,864,714,449,1239,59,6952,6829,123,1407,384,183,376,371,469,536,727,1158,797,973,1.8,35.5,24.98,23.93,0,0,24.5,11.4,second
126,174,7100,7100,53033007100,71.0,Census Tract 71,213.01798353,0,16344.7763167696,9279063.36277859,64,Census Tract 71,213.01883561,0.0,4521,31.6,2934,64.9,143,3.2,2,0.0,686,15.2,8,0.2,0,0.0,204,4.5,544,12.0,4349,96.2,172,3.8,2883,822,28.5,2061,71.5,1.51,3099,2883,93.0,216,7.0,532,18.5,2351,81.5,349,1362,98.8,73.2,4357,330,7.6,81454,8.7,0.0,4495,653,14.5,1587,314,1022,23.5,6.9,35.1,0,0,16,43,164,136,96,77,340600.0,370,119,86,48,61,56,0,1629.0,2288,474,325,365,371,222,531,63,3497,3433,64,694,145,31,112,108,283,459,770,422,203,350,1.8,21.22,14.55,13.53,0,0,23.2,15.1,middle
127,175,5802,5802,53033005802,58.02,Census Tract 58.02,763.62463994,0,51391.758444988205,33263489.315760497,59,Census Tract 58.02,763.62745802,0.0,5680,32.6,4035,71.0,346,6.1,0,0.0,743,13.1,22,0.4,0,0.0,312,5.5,222,3.9,5448,95.9,232,4.1,2858,951,33.3,1907,66.7,1.91,3191,2858,89.6,333,10.4,1020,35.7,1838,64.3,283,2022,98.0,71.7,5327,234,4.4,73836,9.9,5.2,5474,906,16.6,1645,678,1102,20.7,11.9,29.0,21,0,0,17,94,261,513,114,614700.0,716,327,102,50,13,224,0,1525.0,1783,163,442,205,265,135,573,55,3977,3771,206,918,122,38,98,86,512,627,334,528,182,331,5.2,7.44,4.18,3.74,0,0,32.1,31.3,fourth
128,176,7000,7000,53033007000,70.0,Census Tract 70,199.14708252,0,13390.0220571202,8674846.91446094,67,Census Tract 70,199.14787911,0.0,7329,35.6,5931,80.9,81,1.1,55,0.8,706,9.6,60,0.8,0,0.0,269,3.7,227,3.1,7285,99.4,44,0.6,5035,1075,21.4,3960,78.6,1.45,5541,5035,90.9,506,9.1,1487,29.5,3548,70.5,385,2992,96.3,70.4,7106,95,1.3,73317,7.0,0.0,7290,1049,14.4,1398,392,896,12.6,5.3,19.1,0,0,33,19,221,474,338,402,497700.0,921,304,258,136,72,151,0,1210.0,3409,575,585,313,464,561,911,139,5474,5366,108,1463,233,194,253,458,791,676,695,894,340,501,2.0,36.8,27.82,25.28,0,0,26.7,16.4,fourth
129,177,6900,6900,53033006900,69.0,Census Tract 69,223.09765751,0,15642.215133213502,9718133.96111181,63,Census Tract 69,223.0985499,0.0,4964,40.9,4319,87.0,39,0.8,6,0.1,266,5.4,0,0.0,0,0.0,220,4.4,114,2.3,4948,99.7,16,0.3,2299,1247,54.2,1052,45.8,2.15,2373,2299,96.9,74,3.1,1278,55.6,1021,44.4,112,1771,97.0,76.0,4756,28,0.6,109792,4.7,4.3,4948,589,11.9,645,847,289,6.1,17.1,13.0,0,18,18,32,70,154,434,552,879200.0,912,351,128,110,81,242,0,1608.0,1005,112,262,126,192,83,230,16,3041,2987,54,1119,53,95,104,19,212,294,293,416,205,608,1.8,22.25,10.64,10.3,0,0,22.9,26.5,top
130,178,26001,26001,53033026001,260.01,Census Tract 260.01,14.99976991,0,8005.85906932415,653389.977306836,217,Census Tract 260.01,679.02847346,0.0,5950,44.0,2017,33.9,1277,21.5,0,0.0,1960,32.9,0,0.0,0,0.0,169,2.8,527,8.9,5905,99.2,45,0.8,2089,1533,73.4,556,26.6,2.83,2219,2089,94.1,130,5.9,1614,77.3,475,22.7,933,936,84.4,32.3,5603,1002,17.9,86318,4.9,3.1,5950,934,15.7,3933,1158,2167,38.7,19.5,66.1,6,0,20,104,292,777,382,33,382300.0,1096,387,206,106,162,235,12,1681.0,407,0,59,114,18,20,196,68,3120,2987,133,1888,38,20,73,69,128,549,401,453,192,166,4.3,8.76,3.27,3.08,0,0,48.2,21.4,middle
131,179,500,500,53033000500,5.0,Census Tract 5,691.43877239,0,26774.406498570297,30119072.9255016,20,Census Tract 5,691.4415775,230.41489515,3052,53.7,2447,80.2,40,1.3,0,0.0,311,10.2,0,0.0,0,0.0,151,4.9,103,3.4,3027,99.2,25,0.8,1251,950,75.9,301,24.1,2.42,1394,1251,89.7,143,10.3,1177,94.1,74,5.9,180,880,98.1,71.1,2867,112,3.9,135524,3.9,0.7,3052,335,11.0,605,604,353,12.3,19.8,19.8,0,9,0,0,0,234,744,190,690300.0,768,281,142,102,76,167,0,1741.0,46,17,0,0,0,0,29,28,1577,1540,37,966,32,32,52,74,79,92,94,242,194,360,2.3,4.41,2.02,1.81,0,0,63.0,21.7,top
132,184,10900,10900,53033010900,109.0,Census Tract 109,1189.38010995,0,45137.3899078745,51809397.589397706,229,Census Tract 109,1189.38681066,67.44024769,1045,41.0,824,78.9,18,1.7,6,0.6,27,2.6,0,0.0,0,0.0,65,6.2,105,10.0,1045,100.0,0,0.0,620,184,29.7,436,70.3,1.69,697,620,89.0,77,11.0,299,48.2,321,51.8,142,348,94.1,48.5,1023,0,0.0,58611,7.8,0.0,1041,233,22.4,221,64,44,4.3,6.1,21.1,0,0,0,6,94,171,18,10,341900.0,187,45,39,13,15,75,7,988.0,307,12,81,23,43,34,114,14,827,771,56,154,43,20,100,59,56,144,52,110,24,12,6.8,0.88,0.59,0.52,0,0,37.1,40.1,fourth
133,186,11200,11200,53033011200,112.0,Census Tract 112,681.68077275,0,30944.1087589283,29694014.4610282,228,Census Tract 112,684.95537019,56.10799492,3719,34.1,1243,33.4,156,4.2,17,0.5,362,9.7,156,4.2,117,3.1,383,10.3,1285,34.6,3627,97.5,92,2.5,1413,735,52.0,678,48.0,2.57,1541,1413,91.7,128,8.3,561,39.7,852,60.3,676,451,81.3,24.8,3250,655,20.2,35120,36.5,28.0,3575,2207,61.7,2476,1094,1040,32.0,29.4,66.6,29,0,8,49,231,219,25,0,287100.0,343,127,78,64,6,68,5,959.0,848,0,81,85,118,98,466,4,1892,1670,222,741,229,112,140,223,124,273,138,128,39,7,11.7,5.43,2.25,2.06,0,0,55.0,19.8,bottom
134,187,11900,11900,53033011900,119.0,Census Tract 119,773.47807865,0,41622.0569798217,33692705.1058968,221,Census Tract 119,776.55093001,326.18305661,7597,40.5,1821,24.0,1803,23.7,27,0.4,2747,36.2,281,3.7,0,0.0,368,4.8,550,7.2,7534,99.2,63,0.8,2599,1782,68.6,817,31.4,2.9,2686,2599,96.8,87,3.2,1879,72.3,720,27.7,1275,1131,87.9,32.8,7227,1094,15.1,86603,13.8,7.9,7569,1901,25.1,5776,1798,2107,29.2,23.7,76.0,45,0,0,93,493,1014,222,12,361000.0,1476,551,171,176,78,500,0,1298.0,665,101,65,146,39,0,314,55,4446,4235,211,1595,151,65,157,126,236,432,371,614,254,193,4.7,9.78,3.46,3.35,0,0,47.2,33.9,middle
